id,prediction
752.01,1
752.02,1
754.01,0
755.01,1
756.01,1
756.02,1
756.03,1
114.01,0
757.01,1
1.01,1
2.01,1
10.01,1
112.02,1
742.01,0
743.01,0
744.01,0
745.01,0
746.01,1
747.01,1
748.01,0
749.01,1
749.02,1
749.03,1
113.01,0
750.01,1
751.01,1
769.01,1
770.01,0
771.01,0
772.01,0
773.01,1
757.02,1
757.03,1
758.01,1
759.01,1
759.02,1
760.01,1
761.01,0
762.01,1
763.01,0
115.01,1
764.01,1
765.01,1
766.01,1
767.01,1
768.01,0
786.01,1
787.01,1
787.02,1
788.01,1
116.01,1
115.02,1
774.01,0
775.01,1
775.02,1
775.03,1
776.01,1
778.01,1
779.01,0
780.01,1
781.01,1
782.01,1
783.01,1
784.01,1
784.02,1
785.01,1
116.02,1
798.01,0
799.01,0
800.01,1
800.02,1
789.01,0
790.01,1
790.02,1
791.01,1
792.01,0
793.01,0
794.01,1
795.01,1
796.01,0
812.02,1
812.03,1
116.04,1
812.04,1
813.01,1
814.01,1
801.01,1
803.01,0
804.01,1
805.01,0
806.01,1
116.03,1
806.02,1
806.03,1
807.01,0
808.01,0
809.01,1
810.01,1
811.01,1
812.01,1
828.01,0
829.01,1
117.02,1
829.02,1
829.03,1
830.01,1
816.01,1
817.01,1
817.02,1
818.01,1
819.01,0
11.01,0
117.01,1
821.01,1
822.01,0
824.01,1
825.01,1
825.02,1
826.01,1
827.01,1
839.01,0
840.01,1
841.01,1
117.04,1
841.02,1
831.01,0
832.01,0
833.01,0
834.01,1
834.02,1
834.03,1
834.04,1
117.03,1
834.05,1
835.01,1
835.02,1
836.01,0
837.01,1
837.02,1
838.01,0
850.01,1
851.01,1
852.01,1
853.01,1
853.02,1
841.03,1
842.01,1
842.02,1
843.01,1
844.01,1
845.01,1
846.01,1
847.01,1
848.01,0
118.01,1
849.01,1
867.01,1
869.01,1
869.02,1
869.03,1
854.01,1
855.01,1
857.01,1
119.01,1
857.02,1
859.01,0
861.01,1
862.01,0
863.01,1
864.01,1
864.02,1
864.03,1
119.02,1
866.01,0
880.01,1
880.02,1
880.03,1
880.04,1
881.01,1
869.04,1
870.01,1
870.02,1
120.01,0
872.01,1
872.02,1
873.01,1
874.01,1
874.02,1
875.01,1
876.01,0
877.01,1
877.02,1
877.03,1
121.01,0
878.01,1
123.01,1
892.01,1
892.02,1
893.01,1
894.01,0
881.02,1
882.01,0
884.01,1
122.01,1
884.02,1
884.03,1
886.01,1
886.02,1
886.03,1
887.01,1
888.01,0
889.01,1
890.01,1
891.01,1
12.01,1
903.01,1
904.01,1
904.02,1
124.01,1
895.01,0
896.01,1
896.02,1
897.01,1
898.01,1
898.02,1
123.02,1
898.03,1
899.01,1
899.02,1
899.03,1
900.01,1
911.01,1
911.02,1
912.01,1
912.02,1
913.01,1
904.03,1
904.04,1
904.05,1
905.01,1
906.01,1
906.02,1
906.03,1
907.01,1
907.02,1
907.03,1
124.02,1
907.04,1
908.01,1
909.01,0
910.01,1
929.01,1
930.01,0
931.01,1
932.01,0
125.01,1
915.01,0
916.01,1
917.01,0
918.01,1
919.01,0
920.01,1
921.01,1
921.02,1
921.03,1
922.01,1
126.01,0
923.01,1
925.01,0
926.01,1
927.01,0
939.01,1
939.02,1
939.03,1
939.04,1
940.01,1
127.01,1
933.01,0
934.01,1
934.02,1
934.03,1
935.01,1
935.02,1
935.03,1
936.01,1
936.02,1
128.01,1
937.01,1
938.01,1
938.02,1
938.03,1
145.01,0
1102.02,1
1102.03,1
1102.04,1
150.02,1
1170.01,1
1171.01,0
966.01,0
967.01,0
968.01,0
969.01,0
1044.01,0
1045.01,0
1046.01,0
1047.01,0
14.01,0
139.01,1
1104.01,0
1105.01,0
1106.01,1
1106.02,1
1107.01,0
1108.01,1
1172.01,0
1173.01,0
1175.01,0
1175.02,1
1176.01,1
133.01,0
975.01,0
976.01,0
1048.01,0
1049.01,0
1050.01,1
1050.02,1
1051.01,1
146.01,0
1108.02,1
1108.03,1
1109.01,0
1110.01,1
1111.01,1
1177.01,0
1178.01,0
1179.01,0
1180.01,0
1181.01,0
977.01,0
978.01,0
979.01,0
980.01,0
981.01,0
982.01,0
134.01,1
1052.01,1
1052.02,1
1052.03,1
1052.04,1
1053.01,1
1112.01,1
1113.01,1
1113.02,1
1114.01,0
1115.01,1
1182.01,0
1183.01,0
1184.01,0
1185.01,0
1186.01,0
152.01,1
983.01,0
984.01,1
985.01,0
986.01,1
986.02,1
139.02,1
1054.01,0
1055.01,0
1056.01,0
1057.01,0
147.01,0
1116.01,1
1117.01,1
1119.01,0
1194.01,1
1194.03,1
152.02,1
987.01,1
988.01,1
988.02,1
989.01,0
989.02,0
135.01,1
1058.01,0
1059.01,1
1060.01,1
1060.02,1
1060.03,1
1119.02,0
1120.01,0
1121.01,0
1122.01,0
1123.01,0
1124.01,0
1199.01,1
1200.01,0
1201.01,1
1202.01,1
152.03,1
1203.01,1
990.01,0
991.01,1
992.01,1
993.01,1
1060.04,1
140.01,0
1061.01,1
1062.01,0
1063.01,0
1064.01,0
15.01,0
148.01,1
1125.01,1
1126.01,0
1127.01,1
1187.01,0
1188.01,0
1189.01,0
1190.01,0
1191.01,1
993.02,1
995.01,0
996.01,0
997.01,0
136.01,0
1065.01,0
1067.01,0
1068.01,0
1069.01,1
1127.02,1
1128.01,1
1129.01,1
1130.01,0
1132.01,0
1196.01,0
1197.01,0
1198.01,1
1198.02,1
1198.03,1
998.01,0
999.01,1
999.02,1
1000.01,0
1001.01,1
1069.02,1
1070.01,1
1070.02,1
1133.01,0
148.02,1
1134.01,0
1134.02,0
1135.01,0
1136.01,0
1203.02,1
1203.03,1
1204.01,1
1205.01,1
1001.02,1
1002.01,1
1003.01,0
1004.01,0
1005.01,1
1071.01,0
1072.01,1
1073.01,1
1074.01,1
1075.01,0
1076.01,0
1138.01,0
1139.01,0
1140.01,0
1141.01,1
1142.01,1
1143.01,0
941.01,1
129.01,1
941.02,1
941.03,1
942.01,1
137.01,1
1006.01,0
1007.01,1
1008.01,0
1009.01,0
1010.01,0
1077.01,0
142.01,1
1078.01,1
1078.02,1
1078.03,1
1079.01,0
148.03,1
1144.01,0
1146.01,1
1147.01,0
943.01,1
944.01,0
945.01,1
945.02,1
946.01,0
1011.01,0
1012.01,0
1013.01,0
1014.01,1
1015.01,1
1080.01,0
1082.01,1
1082.02,1
1082.03,1
1148.01,1
1148.02,1
1149.01,0
1150.01,1
1151.01,1
1151.02,1
947.01,1
948.01,1
130.01,0
949.01,1
951.01,1
137.02,1
1015.02,1
1016.01,0
1017.01,1
1018.01,0
1019.01,0
1083.01,1
143.01,0
1084.01,0
1085.01,1
1086.01,1
1087.01,0
149.01,1
1152.01,0
1153.01,0
1155.01,0
1156.01,0
951.02,1
952.01,1
952.02,1
952.03,1
952.04,1
952.05,1
1020.01,0
1021.01,0
1022.01,1
1023.01,1
1024.01,1
137.03,1
1088.01,0
1089.01,1
1089.02,1
1090.01,0
1091.01,0
1092.01,0
1157.01,0
1158.01,0
1159.01,1
1160.01,1
1161.01,1
953.01,1
13.01,1
131.01,1
954.01,1
954.02,1
1025.01,0
1028.01,0
1029.01,1
1030.01,1
1031.01,1
144.01,1
1093.01,0
1094.01,1
1097.01,1
150.01,1
1161.02,1
1161.03,1
1162.01,1
1163.01,1
955.01,1
956.01,1
957.01,0
958.01,0
959.01,0
960.01,0
1034.01,0
1035.01,0
1036.01,0
1037.01,0
138.01,0
1098.01,0
1099.01,1
1100.01,0
1101.01,1
1102.01,1
1163.02,1
1164.01,0
1165.01,1
1165.02,1
1166.01,1
1167.01,0
961.01,1
961.02,1
132.01,0
961.03,1
964.01,0
965.01,0
1038.01,0
1039.01,0
1040.01,0
1041.01,1
1042.01,0
1043.01,0
1360.01,1
1360.02,1
1360.03,1
1361.01,1
1426.02,1
1426.03,1
1427.01,1
1428.01,1
1429.01,1
168.03,1
1240.01,1
1240.02,1
1241.01,1
1241.02,1
1305.01,1
1305.02,1
1306.01,1
1306.02,1
1306.03,1
162.01,1
1363.01,1
1363.02,1
1364.01,1
1364.02,1
1430.01,1
1430.02,1
1430.03,1
1432.01,1
1243.01,0
155.01,1
1244.01,1
1245.01,1
1306.04,1
1307.01,1
1307.02,1
157.05,1
1308.01,1
1364.03,1
1364.04,1
1364.05,1
1365.01,0
1366.01,1
1432.02,1
1432.03,1
1432.04,1
1433.01,1
1434.01,1
1247.01,0
1248.01,0
1249.01,0
1250.01,0
1309.01,1
1310.01,1
1311.01,1
1312.01,1
1313.01,0
1366.02,1
18.01,1
163.01,1
1367.01,1
1368.01,0
169.01,0
1435.01,1
1435.02,1
1436.01,1
1436.02,1
1252.01,0
1253.01,0
156.01,1
1254.01,0
1256.01,0
1314.01,1
1316.01,1
157.06,1
1317.01,0
1369.01,1
1370.01,1
1371.01,0
1372.01,0
1373.01,0
1374.01,0
1436.03,1
1437.01,1
1438.01,1
1439.01,1
1440.01,1
1257.01,1
1258.01,1
1258.02,1
1258.03,1
1259.01,0
1318.01,0
1319.01,0
1320.01,1
1321.01,0
1322.01,0
1375.01,1
1376.01,0
164.01,0
1377.01,1
1378.01,0
19.01,0
171.01,1
1449.01,0
1450.01,1
1451.01,0
1452.01,0
1260.01,0
1261.01,1
156.02,1
1261.02,1
1262.01,0
1263.01,0
1323.01,1
1324.01,0
1325.01,1
1326.01,0
158.01,0
1327.01,0
1378.02,0
1379.01,1
1380.01,0
1381.01,0
1382.01,0
1441.01,1
170.01,0
1442.01,1
1443.01,0
1444.01,1
1264.01,1
1265.01,0
1266.01,1
1267.01,0
1269.01,0
1329.01,1
1330.01,0
1332.01,1
1383.01,0
1384.01,0
1385.01,0
165.01,1
1386.01,0
1387.01,0
1445.01,1
1446.01,0
1447.01,0
1447.02,0
1448.01,0
1270.01,1
156.03,1
1270.02,1
1272.01,0
1273.01,1
1332.02,1
1332.03,1
1333.01,0
1334.01,0
159.01,1
1388.01,0
1389.01,0
1390.01,1
1391.01,0
1392.01,0
1453.01,0
1454.01,0
1456.01,1
1457.01,1
1274.01,1
1275.01,1
1276.01,1
1276.02,1
1277.01,0
1335.01,1
1336.01,1
1336.02,1
1336.03,1
1336.04,1
1394.01,0
1395.01,1
166.01,1
1396.01,1
1396.02,1
1207.01,1
1210.01,1
16.01,0
152.04,1
1278.01,1
157.01,1
1278.02,1
1278.03,0
1278.04,1
1337.01,1
1338.01,1
1339.01,1
1398.01,1
1400.01,0
1401.01,0
1402.01,1
1403.01,1
1211.01,0
1212.01,1
1213.01,0
1214.01,1
1215.01,1
1279.01,1
1279.02,1
1280.01,0
1281.01,1
1282.01,1
159.02,1
1340.01,0
1341.01,1
1342.01,1
1342.02,1
1404.01,1
167.01,1
1405.01,1
1406.01,1
1407.01,0
1408.01,1
1215.02,1
1216.01,1
1217.01,0
1218.01,1
1219.01,0
153.01,1
1283.01,1
1284.01,0
157.02,1
1285.01,0
1286.01,0
1287.01,0
1343.01,0
1344.01,1
1345.01,0
1346.01,0
1347.01,0
1348.01,0
1409.01,1
1410.01,1
1412.01,1
1413.01,1
1413.02,1
1413.03,1
1220.01,1
1221.01,1
1221.02,1
1222.01,0
1223.01,0
1224.01,0
1288.01,1
1289.01,1
1290.01,0
1291.01,0
1292.01,0
1293.01,0
160.01,0
1349.01,0
1350.01,0
1352.01,0
1353.01,1
1353.02,1
168.01,1
1414.01,0
1415.01,0
1416.01,1
1417.01,0
1418.01,0
1226.01,0
1227.01,0
1228.01,0
153.02,1
1229.01,0
1230.01,0
1294.01,0
17.01,1
157.03,1
1295.01,0
1296.01,0
1354.01,0
1355.01,1
1358.01,1
161.01,1
1419.01,0
1422.01,1
1422.02,1
168.02,1
1231.01,0
1232.01,0
1233.01,0
1234.01,0
1235.01,0
1297.01,0
1298.01,1
1298.02,1
1299.01,1
1300.01,1
1301.01,1
1358.02,1
1358.03,1
1358.04,1
1359.01,1
1422.03,1
1423.01,1
1424.01,1
1425.01,1
1426.01,1
1236.01,1
1236.02,1
1236.03,1
154.01,0
1237.01,0
1238.01,1
1301.02,1
1302.01,1
157.04,1
1304.01,1
1602.01,1
1603.01,1
187.01,0
1604.01,0
1605.01,0
1713.02,1
1715.01,1
1716.01,1
1717.01,1
1718.01,1
1488.01,1
1489.01,1
1490.01,0
1491.01,1
1492.01,0
1557.01,1
1557.02,1
1557.03,1
180.01,1
1557.04,1
1606.01,1
1607.01,0
1608.01,1
1608.02,1
1609.01,1
1720.01,1
1721.01,1
192.01,1
1722.01,1
1723.01,1
1493.01,0
1494.01,1
1495.01,1
174.01,1
1496.01,0
1558.01,0
1559.01,0
1561.01,0
1562.01,0
1610.01,0
1612.01,0
1613.01,1
21.01,0
188.01,1
1615.01,1
1724.01,1
1725.01,1
1726.01,1
1727.01,1
1728.01,0
1497.01,0
1498.01,1
1498.02,1
1499.01,1
1499.03,1
1563.01,1
1563.02,1
1563.03,1
1563.04,1
181.01,0
1616.01,1
1618.01,1
1621.01,1
1626.01,1
1732.01,1
193.01,0
1736.01,1
1500.01,0
1501.01,1
1502.01,0
175.01,0
1503.01,1
1564.01,1
1565.01,0
1566.01,0
1567.01,1
1567.02,1
1627.01,1
1627.02,1
1628.01,1
189.01,1
1629.01,1
1738.01,1
1746.01,1
1747.01,0
1749.01,1
1750.01,1
1504.01,0
1505.01,1
1506.01,1
1507.01,1
1508.01,1
1509.01,0
1567.03,1
1567.04,1
1568.01,0
1569.01,1
1570.01,1
1632.01,1
1633.01,1
1637.01,1
1765.01,0
1770.01,0
22.01,1
1511.01,1
1512.01,0
176.01,1
1513.01,0
182.01,0
1571.01,0
1572.01,1
1573.01,1
1641.01,1
1643.01,1
1644.01,0
1646.01,1
190.01,0
1751.01,1
1751.02,1
1753.01,0
194.01,1
1754.01,1
1514.01,0
1515.01,1
1515.02,1
1516.01,1
1517.01,1
1574.01,1
1574.02,1
1575.01,0
1576.01,1
1647.01,1
1647.02,1
1648.01,1
1649.01,1
1760.01,1
1760.02,1
1761.01,0
1762.01,0
1518.01,1
1519.01,1
1520.01,1
1521.01,1
177.01,1
1576.02,1
183.01,1
1577.01,1
1578.01,0
1579.01,0
1650.01,1
1651.01,1
1654.01,0
1655.01,1
195.01,1
1779.01,1
1779.02,1
1781.01,1
1781.02,1
1522.01,1
1523.01,0
1524.01,0
1525.01,1
1526.01,1
1580.01,0
1581.01,0
1581.02,1
1583.01,1
1584.01,1
191.01,1
1659.01,1
1661.01,0
1662.01,0
171.02,1
1459.01,0
1460.01,0
1461.01,0
1462.01,0
1528.01,1
1529.01,1
1529.02,1
1530.01,1
184.01,0
1585.01,1
1586.01,1
1588.01,1
1665.01,1
1669.01,1
1672.01,1
1463.01,0
1464.01,0
1467.01,0
178.01,1
1531.01,1
1532.01,1
1533.01,1
1534.01,1
1589.01,1
1589.02,1
1589.03,1
1589.04,1
1589.05,1
1677.01,1
191.02,1
1680.01,0
1683.01,1
1468.01,0
172.01,1
1469.01,0
1470.01,1
1471.01,0
1534.02,1
1535.01,1
1536.01,1
1538.01,0
1539.01,0
1590.02,1
1591.01,1
1684.01,0
1685.01,1
1686.01,0
1687.01,1
1688.01,1
1692.01,1
1472.01,1
1474.01,1
1475.01,1
1475.02,1
1475.03,1
3.01,1
20.01,1
179.01,1
1540.01,0
1541.01,0
1592.01,0
1593.01,1
1593.02,1
1594.01,0
1595.01,1
1692.02,1
1693.01,0
1700.01,1
1701.01,0
1476.01,1
172.02,0
1478.01,1
1479.01,0
1542.01,0
1543.01,0
1544.01,0
1545.01,0
1596.01,1
1596.02,1
186.01,1
1598.01,1
1598.02,1
1702.01,1
1704.01,1
1705.01,1
1706.01,1
1707.01,1
1480.01,1
1481.01,1
1482.01,0
1484.01,0
1548.01,0
179.02,1
1550.01,0
1551.01,0
1598.03,1
1599.01,1
1600.01,0
1601.01,1
1601.02,1
191.04,1
1710.01,1
1711.01,1
1713.01,1
1485.01,0
1486.01,1
173.01,1
1486.02,1
1487.01,0
1553.01,1
1554.01,0
1555.01,0
1556.01,0
1952.04,1
1955.01,1
1955.02,1
1958.01,1
1959.01,1
2032.01,1
2033.01,1
2034.01,1
2035.01,1
2036.01,1
1825.01,1
1826.01,1
199.01,1
1828.01,1
1829.01,0
205.01,1
1890.01,1
1891.01,1
1891.02,1
1892.01,1
1960.01,1
1961.01,1
213.01,0
1965.01,1
219.01,1
2036.02,1
2037.01,1
2038.01,1
1830.01,1
1831.01,1
1831.02,1
1831.03,1
1831.04,1
1893.01,1
1894.01,1
1895.01,1
1895.02,1
1895.03,1
1897.01,1
1967.01,1
1968.01,1
1969.01,1
1970.01,1
1970.02,1
2038.02,1
2038.03,1
2038.04,1
2039.01,1
2040.01,1
1832.01,1
1832.02,1
1832.03,1
199.02,0
1833.01,1
206.01,1
1898.01,1
1899.01,1
1900.01,1
1901.01,1
1971.01,1
1973.01,1
24.01,0
214.01,1
220.01,1
2043.01,1
2044.01,1
2045.01,1
1835.01,1
1835.02,1
1835.03,1
1837.01,1
1838.01,1
1902.01,0
1904.01,1
1905.01,1
1907.01,1
1974.01,1
1975.01,1
1976.01,1
1977.01,1
1977.02,1
2045.02,1
2046.01,1
2047.01,1
2048.01,1
2049.01,1
1839.01,1
1840.01,1
1841.01,1
1842.01,1
200.01,1
1908.01,1
208.01,1
1908.02,1
1909.01,1
1909.02,1
1978.01,1
1978.02,1
1979.01,1
1980.01,1
1982.01,1
2059.01,1
2060.01,1
2062.01,1
221.01,1
2063.01,0
1843.01,1
1845.01,1
1845.02,0
1847.01,1
1909.03,1
1910.01,1
1911.01,1
1913.01,1
1914.01,1
215.01,0
1984.01,1
1985.01,1
1986.01,1
1988.01,1
2051.01,1
2051.02,1
220.02,1
2053.01,1
1848.01,1
1849.01,1
1850.01,1
1851.01,1
1852.01,1
1915.01,1
1916.01,1
209.01,1
1916.02,1
1916.03,1
1989.01,1
1990.01,1
1992.01,1
1996.01,1
1997.01,1
2053.02,1
2055.01,1
2056.01,1
2057.01,1
2058.01,1
201.01,1
1853.01,1
1854.01,1
1857.01,1
1917.01,1
1920.01,1
1921.01,1
1922.01,1
1923.01,1
1998.01,1
216.01,1
2000.01,1
2001.01,1
2002.01,1
2066.01,1
2067.01,1
2069.01,1
2071.01,1
1858.01,1
1860.01,1
1860.02,1
1860.03,1
1924.01,0
1925.01,0
209.02,1
1927.01,0
1928.01,1
1929.01,1
2003.01,0
2004.01,1
2005.01,1
2006.01,1
2007.01,1
1783.01,1
1786.01,0
1787.01,1
1788.01,1
202.01,1
1862.01,1
1863.01,1
1864.01,1
1929.02,1
1930.01,1
1930.02,1
1930.03,1
1930.04,1
1931.01,1
2007.02,1
2008.01,0
216.02,1
2010.01,1
1790.01,1
196.01,1
1794.01,0
1797.01,1
1866.01,1
1867.01,1
1867.02,1
1867.03,1
1868.01,1
1931.02,1
1931.03,1
1932.01,1
1933.01,1
2011.01,1
2012.01,1
2013.01,1
2014.01,0
2016.01,1
1798.01,0
1799.01,0
1800.01,1
1801.01,1
1802.01,1
1870.01,1
1871.01,1
203.01,1
1873.01,1
1935.01,0
1937.01,1
1938.01,1
1939.01,1
2017.01,1
2018.01,1
2019.01,1
217.01,1
2020.01,1
1805.01,1
197.01,1
1805.02,1
1805.03,1
1874.01,1
1874.02,1
1875.01,1
1876.01,1
1877.01,1
1940.01,1
1941.01,0
1942.01,1
1944.01,1
2021.01,1
2022.01,1
2022.02,1
2023.01,1
2024.01,1
1808.01,1
1809.01,1
1809.02,1
1810.01,0
1812.01,0
1813.01,1
1878.01,1
1879.01,1
1880.01,1
23.01,0
204.01,1
1944.02,0
1945.01,1
1948.01,0
2025.01,1
2025.02,1
2025.03,1
2026.01,1
218.01,0
1814.01,0
1815.01,1
198.01,0
1818.01,1
1819.01,1
1881.01,1
1882.01,1
1883.01,1
1950.01,1
1952.01,1
1952.02,1
1952.03,1
2028.01,1
2028.02,1
2029.01,1
2029.02,1
2031.01,1
1820.01,1
1820.02,1
1822.01,1
1824.01,1
1824.02,1
1885.01,1
1886.01,1
1888.01,1
1889.01,1
1889.02,1
2250.01,1
2252.01,1
2253.01,1
2255.01,1
2336.01,0
2337.01,1
2338.01,1
2339.01,1
239.02,1
2101.01,1
2102.01,1
2103.01,1
223.01,1
2104.01,0
2173.01,1
2173.02,1
2174.02,1
2174.03,1
2256.01,1
2257.01,1
2259.01,1
2260.01,1
2261.01,1
2340.01,1
2341.01,0
2342.01,1
2344.01,1
2105.01,1
2106.01,1
2107.01,1
2108.01,1
2109.01,1
2175.01,1
2177.01,1
2179.01,1
2179.02,1
231.01,0
234.01,1
2263.01,1
2264.01,1
2265.01,0
2345.01,1
2346.01,1
2347.01,1
2348.01,1
2350.01,1
2110.01,1
2111.01,1
2111.02,1
2113.01,1
223.02,1
2180.01,1
2181.01,1
2182.01,1
2183.01,1
2183.02,1
2266.01,1
2269.01,0
2271.01,1
2273.01,1
240.01,1
2351.01,1
2352.01,0
2352.02,1
2352.03,1
2113.02,1
2114.01,1
2115.01,1
2116.01,1
2117.01,1
2185.01,1
2191.01,1
2274.01,1
235.01,1
2276.01,1
2278.01,1
2278.02,1
2358.01,1
241.01,1
2360.01,0
2361.01,1
2362.02,1
2119.01,1
2120.01,1
2121.01,1
2122.01,1
2123.01,1
232.01,1
2193.01,1
2194.01,1
2195.01,1
2200.01,1
2279.01,1
2279.02,1
2280.01,1
2281.01,1
2282.01,1
2368.01,1
2369.01,1
241.02,1
224.01,0
2125.01,1
2126.01,1
2128.01,0
2201.01,0
2202.01,1
2204.01,1
2205.01,1
2283.01,0
2285.01,1
27.01,0
236.01,0
2286.01,1
2353.01,1
2355.01,1
2356.01,1
2129.01,1
2130.01,1
2131.01,1
2132.01,1
2133.01,1
2208.01,1
232.02,1
2209.01,1
2210.01,1
2212.01,1
2287.01,1
2289.01,1
2290.01,1
2291.01,1
2363.01,1
2365.01,1
2366.01,1
2367.01,1
2134.01,1
225.01,0
2135.01,1
2136.01,0
2137.01,1
2213.01,1
2214.01,1
2215.01,0
2216.01,1
2293.01,1
2296.01,1
237.01,1
2371.01,1
2372.01,1
2374.01,1
2374.02,1
2138.01,1
2140.01,1
2143.01,1
2144.01,1
2145.01,1
2218.01,1
2218.02,1
232.03,1
2219.01,1
2220.01,1
2297.01,1
2299.01,1
2300.01,1
2302.01,1
2072.01,1
2073.01,1
2073.02,1
2073.03,1
25.01,0
2146.01,1
2147.01,1
226.01,1
2148.01,1
2148.02,1
2220.02,1
2220.03,1
2221.01,1
2223.01,1
2303.01,1
2304.01,1
2305.01,1
2306.01,0
2307.01,0
221.02,1
2074.01,1
2075.01,1
2076.01,1
2078.01,1
2148.03,1
2149.01,1
2150.01,1
2151.01,0
2152.01,1
2224.01,1
2225.01,1
232.04,1
238.01,1
2308.01,1
2309.01,1
2310.01,1
2079.01,0
2080.01,1
2080.02,1
2082.01,1
2153.01,1
2153.02,1
2154.01,1
2155.01,1
2156.01,1
2227.01,1
2228.01,0
2229.01,1
2230.01,0
2232.01,1
2233.01,0
2313.01,1
2314.01,1
2315.01,1
2316.01,1
238.02,1
2083.01,1
222.01,1
2084.01,1
2086.01,1
2086.02,1
2158.01,1
2159.02,0
2160.01,1
2162.01,1
2236.01,1
2236.02,1
2237.01,1
232.05,1
2238.01,1
2317.01,1
2318.01,1
2319.01,1
2321.01,1
2086.03,1
2087.01,1
2090.01,1
2091.01,1
2092.01,1
2163.01,1
2164.01,1
229.01,1
2166.01,1
2167.01,1
2241.01,1
2242.01,1
2243.01,1
2245.01,1
2246.01,1
2325.01,1
2327.01,1
2328.01,1
2329.01,1
239.01,1
2092.02,1
222.02,1
2094.01,1
2095.01,1
2168.01,1
2168.02,1
2169.01,1
2169.02,1
2247.01,1
2248.01,1
233.01,0
2331.01,0
2332.01,1
2333.01,1
2333.02,1
2335.01,1
2096.01,1
2097.01,1
2098.01,1
2099.01,1
2100.01,1
2169.03,1
2171.01,1
26.01,1
230.01,0
2172.01,1
2555.01,1
2556.01,1
2557.01,1
2633.01,0
253.02,1
2634.01,1
2635.01,1
2636.01,1
2409.01,0
2410.01,0
244.01,1
2410.02,0
2411.01,1
2412.01,0
2413.01,1
2484.01,1
2485.01,1
2487.01,1
31.01,0
250.02,1
2558.01,0
2559.01,1
2561.01,0
2638.01,1
2413.02,1
2414.01,1
2414.02,1
2415.01,1
2416.01,1
247.01,1
2488.01,1
2489.01,1
2490.01,1
2491.01,1
2562.01,0
2563.01,1
2564.01,1
2565.01,0
2566.01,0
2642.01,0
254.01,1
2643.01,1
2644.01,0
2645.01,0
2646.01,0
2417.01,1
244.02,1
2418.01,1
2419.01,1
2420.01,1
2492.01,1
2493.01,1
2494.01,1
2495.01,0
2496.01,0
2567.01,0
250.03,1
2647.01,1
2648.01,0
2649.01,1
2650.01,1
2650.02,1
2422.01,1
2423.01,1
2424.01,1
2425.01,0
2497.01,1
248.01,1
2498.01,1
2499.01,0
2501.01,0
2573.01,0
2574.01,0
2576.01,0
2651.01,0
255.01,1
2652.01,1
2654.01,1
2655.01,1
2426.01,1
2427.01,0
245.01,1
2428.01,0
2429.01,0
2503.01,1
2504.01,1
2505.01,0
2506.01,1
2507.01,1
2579.01,1
2580.01,1
250.04,1
2581.01,1
2582.01,1
2668.01,1
2669.01,0
2670.01,0
2671.02,0
2672.01,1
2430.01,1
2431.01,0
2432.01,1
2433.01,1
2433.02,1
2509.01,1
248.02,1
2510.01,0
2511.01,1
2583.01,1
2585.01,1
2586.01,1
2587.01,1
2588.01,1
2658.01,1
2659.01,0
2660.01,1
2434.01,0
2435.01,0
2436.01,1
245.02,1
2437.01,1
2513.01,1
2514.01,0
2517.01,1
2589.01,1
2590.01,0
4.01,1
33.01,0
251.01,1
2662.01,1
2664.01,1
256.01,0
2665.01,0
2667.01,0
2438.01,0
2439.01,1
2440.01,1
2441.01,0
2442.01,1
2518.01,0
2520.01,1
248.03,1
2521.01,1
2593.01,1
2594.01,1
2595.01,1
2595.02,1
2596.01,0
2672.02,1
257.01,1
2673.01,0
2674.01,1
2674.02,1
2674.03,1
2443.01,1
2443.02,1
2444.01,1
245.03,1
2447.01,0
2521.02,1
2522.01,1
2523.01,1
2524.01,1
2525.01,1
2597.01,1
2597.02,1
2597.03,1
2600.01,0
2375.01,0
2376.01,1
241.03,1
2378.01,1
2448.01,1
2450.01,1
2451.01,0
2452.01,0
2526.01,0
2527.01,1
2528.01,1
2529.01,1
248.04,1
251.02,1
2601.01,0
2602.01,1
2379.01,0
2381.01,0
2382.01,0
2383.01,1
2454.01,0
2455.01,0
2456.01,0
245.04,0
2457.01,1
2530.01,1
2532.01,1
2533.01,1
2534.01,1
2605.01,0
2606.01,0
2608.01,1
2609.01,0
2385.01,1
2387.01,1
28.01,0
2458.01,1
2460.01,1
2461.01,1
2462.01,1
2463.01,1
2535.01,1
2536.01,1
2537.01,0
2538.01,1
249.01,1
252.01,1
2611.01,0
2615.01,1
2616.01,0
242.01,0
2388.01,0
2389.01,1
2390.01,1
2392.01,1
2464.01,0
2465.01,0
2466.01,1
2466.02,1
246.01,1
2539.01,1
2540.01,0
2541.01,1
2542.01,1
2543.01,1
2617.01,1
2618.01,0
2619.01,1
2620.01,1
2621.01,0
2393.01,1
2395.01,0
2397.01,1
2398.01,0
2399.01,1
2467.01,1
2468.01,1
2469.01,1
2470.01,0
2471.01,1
2544.01,1
2545.01,1
2546.01,0
2547.01,1
250.01,1
2622.01,0
253.01,1
2623.01,1
2624.01,1
2625.01,1
2626.01,1
243.01,0
2402.01,1
2403.01,1
2472.01,1
2473.01,1
2475.01,0
2476.01,0
246.02,1
2549.01,0
2552.01,1
2553.01,1
2627.01,1
2628.01,1
2629.01,0
2631.01,1
2632.01,1
2405.01,0
2406.01,1
2407.01,1
2408.01,1
2477.01,1
2478.01,0
2479.01,1
2481.01,0
2482.01,1
2483.01,1
2841.01,1
2842.01,1
2842.02,1
2917.01,0
2918.01,0
2919.01,1
2920.01,1
276.01,1
2702.01,0
2703.01,1
260.02,1
2704.01,1
2704.02,1
2705.01,1
2763.01,0
2765.01,0
2766.01,0
2767.01,0
2844.01,1
2845.01,1
2846.01,0
2848.01,1
271.03,1
2849.01,1
2922.01,0
2924.01,1
2926.01,1
2926.02,1
2707.01,1
2707.02,1
2707.03,1
2708.01,1
2768.01,1
2768.02,0
2769.01,0
41.02,1
267.01,0
2850.01,0
2851.01,1
2852.01,1
2928.01,0
2929.01,0
2930.01,0
277.01,1
2709.01,1
2710.01,1
260.03,1
2711.01,1
2711.02,1
2771.01,0
2773.01,0
2774.01,0
2776.01,0
2777.01,0
2854.01,0
2856.01,1
2857.01,1
2857.02,1
2931.01,1
2932.01,1
2936.01,1
2713.01,0
2714.01,1
2714.02,1
2715.01,1
2778.01,1
2779.01,1
2780.01,1
2781.01,0
2859.01,1
2859.02,1
2861.01,0
2946.01,1
2948.01,1
2951.01,1
2952.01,0
2715.02,1
2715.03,1
2716.01,1
261.01,1
2716.02,1
2785.01,1
2786.01,1
2787.01,0
2789.01,1
2790.01,1
2863.01,0
2864.01,0
2865.01,1
2866.01,1
273.01,1
2961.01,1
2963.01,1
2964.01,1
2717.01,1
2718.01,0
2719.01,1
2721.01,1
2791.01,1
2792.01,1
2794.01,0
2795.01,0
2867.01,0
2867.02,0
2868.01,1
2869.01,1
2870.01,0
2942.02,1
2943.01,1
2944.01,0
2945.01,1
277.02,1
2722.01,1
2722.02,1
2722.03,1
2722.04,1
262.01,1
269.01,1
2798.01,0
2799.01,0
2800.01,0
2801.01,1
2871.01,1
2871.02,1
2872.01,1
2873.01,0
2955.01,0
2956.01,1
2960.01,0
279.01,1
2723.01,1
2724.01,0
2725.01,0
2726.01,0
2727.01,1
2802.01,1
2803.01,1
2804.01,0
2805.01,1
41.03,1
274.01,1
2877.01,1
2878.01,1
2880.01,1
2965.01,0
2966.01,1
2967.01,1
2969.01,0
2729.01,1
2730.01,1
2731.01,1
2732.01,1
2732.03,1
2808.01,0
270.01,1
2809.01,0
2810.01,0
2810.02,0
2811.01,0
2882.02,0
2883.01,1
2884.01,0
2885.01,0
2886.01,1
2675.01,1
2675.02,1
2676.01,1
2678.01,1
262.02,1
2733.01,1
2734.01,1
2735.01,1
2736.01,1
2812.01,1
2815.01,0
2816.01,1
2817.01,1
2887.01,0
274.02,1
2888.01,0
2889.01,0
2890.01,1
258.01,0
2681.01,1
2681.02,1
2682.01,0
2737.01,0
2738.01,0
2739.01,1
2740.01,0
2819.01,0
270.02,1
2820.01,1
2822.01,1
2891.01,0
2892.01,0
2894.01,1
2895.01,0
2896.01,0
2684.01,0
2685.01,0
2686.01,1
2687.01,1
2741.01,0
263.01,0
2743.01,1
2744.01,1
2745.01,1
2823.01,0
2824.01,0
2825.01,0
2826.01,0
2827.01,1
2897.01,0
2898.01,1
275.01,1
2687.02,1
41.01,1
259.01,0
2688.01,1
2690.01,1
2746.01,0
2747.01,1
2748.01,1
2748.02,1
2749.01,0
2828.01,1
2829.01,1
271.01,1
2830.01,1
2831.01,0
2901.01,0
2903.01,0
2904.01,1
2905.01,0
2906.01,1
2692.01,0
2693.01,1
2693.02,1
2693.03,1
2751.01,1
264.01,0
2752.01,0
2753.01,1
2832.01,1
2834.01,1
2835.01,1
2836.01,1
2907.01,0
2908.01,0
275.02,1
2910.01,1
2694.01,1
2694.02,1
260.01,1
2754.01,1
2755.01,1
2756.01,1
2757.01,1
2837.01,1
2838.01,1
2838.02,1
271.02,1
2839.01,1
2911.01,0
2912.01,0
2913.01,1
2697.01,0
2698.01,1
2699.01,1
2701.01,0
2760.01,1
2761.01,0
265.01,1
2762.01,1
301.01,1
301.02,1
302.01,1
303.01,1
304.01,1
359.01,0
360.01,0
61.01,0
361.01,1
362.01,0
363.01,0
3005.01,0
3008.01,1
3010.01,1
3011.01,0
3087.01,0
3087.02,0
3088.01,1
285.01,1
305.01,1
306.01,1
307.01,1
46.01,1
365.01,1
367.01,1
368.01,0
369.01,1
3012.01,0
3014.01,1
3015.01,1
282.02,1
3090.01,1
3091.01,1
3092.01,0
3093.01,1
3095.01,1
307.02,1
308.01,1
309.01,0
311.01,0
312.01,1
369.02,1
370.01,1
63.01,1
370.02,1
371.01,0
372.01,1
3018.01,0
3019.01,1
3021.01,0
3022.01,1
3097.01,1
3097.02,1
3097.03,1
3098.01,0
43.01,0
285.02,1
312.02,1
313.01,1
313.02,1
314.01,1
314.02,1
46.02,1
373.01,1
374.01,1
375.01,1
376.01,0
376.02,0
377.01,1
3022.02,1
3023.01,0
3025.01,1
3026.01,1
282.03,0
3099.01,0
3101.01,1
3106.01,1
3107.01,0
314.03,1
315.01,1
316.01,1
316.02,1
316.03,1
377.02,1
377.03,1
378.01,0
379.01,0
3027.01,1
3028.01,0
3030.01,0
3108.01,1
3109.01,1
3110.01,1
285.03,1
317.01,1
318.01,1
320.01,0
321.01,1
389.01,0
390.01,0
391.01,0
392.01,1
392.02,1
3032.01,1
3033.01,0
3035.01,0
3113.01,1
3115.01,1
3116.01,1
48.01,0
321.02,1
322.01,0
323.01,1
324.01,0
325.01,0
380.01,0
381.01,0
382.01,0
384.01,1
385.01,1
283.01,1
3036.01,0
3038.01,1
3039.01,1
3120.01,1
3122.01,1
286.01,0
326.01,0
326.02,0
327.01,1
327.02,1
328.01,0
386.01,1
66.01,0
386.02,1
387.01,1
388.01,1
3045.01,1
3124.01,0
3125.01,1
3126.01,0
3127.01,1
49.01,1
329.01,0
330.01,1
330.02,0
331.01,1
393.01,1
394.01,0
69.01,1
395.01,0
397.01,0
3047.01,0
283.02,1
3048.01,1
3049.01,1
3129.01,0
3130.01,1
3130.02,1
3131.01,0
332.01,1
333.01,1
334.01,0
335.01,0
336.01,0
279.02,1
2970.01,1
2973.01,0
3052.02,1
3053.01,1
3055.01,0
3056.01,1
287.01,0
3135.01,0
3136.01,0
3140.01,1
3141.01,0
337.01,1
51.01,0
338.01,1
338.02,1
339.01,1
339.02,1
2975.01,0
2977.01,0
2977.02,1
2978.01,0
3057.01,1
284.01,1
3057.02,1
3058.01,0
3059.01,0
3144.01,1
3145.01,1
3146.01,1
340.01,0
341.01,1
341.02,1
343.01,1
343.02,1
2979.01,0
280.01,1
2980.01,1
2981.01,1
2982.01,1
3060.01,1
3061.01,1
3063.01,1
3064.01,0
3147.01,1
288.01,1
3148.01,0
289.01,1
289.02,1
343.03,1
52.01,0
344.01,1
345.01,1
346.01,1
2985.01,0
2986.01,0
2987.01,0
2989.01,1
3066.01,1
3067.01,0
284.02,1
1175.03,0
290.01,0
291.01,1
291.02,1
44.01,0
292.01,1
347.01,0
348.01,1
349.01,1
351.01,0
2990.01,1
2991.01,0
42.01,1
281.01,1
2994.01,1
3070.01,0
3071.01,1
3074.01,0
293.01,0
294.01,1
295.01,1
295.02,1
296.01,1
351.02,1
351.03,1
53.01,0
352.01,1
353.02,1
3646.02,0
2995.01,1
2996.01,1
2997.01,0
2998.01,1
2999.01,0
1232.02,0
3075.01,1
3078.01,1
3081.01,0
284.03,1
3082.01,0
297.01,1
298.01,1
299.01,1
45.01,0
300.01,0
354.01,1
354.02,1
355.01,1
356.01,1
358.01,0
3000.01,1
3002.01,1
3003.01,0
282.01,1
3004.01,1
1236.04,1
3084.01,0
3085.01,0
520.03,1
521.01,1
523.01,1
523.02,1
2964.02,1
574.02,1
90.01,0
575.01,1
576.01,0
577.01,1
4260.03,0
421.01,1
423.01,1
424.01,0
70.04,1
1278.05,0
477.01,1
478.01,1
479.01,1
480.01,1
481.01,1
524.01,1
85.01,1
526.01,1
527.01,0
578.01,1
579.01,1
579.02,1
580.01,1
581.01,1
425.01,0
427.01,1
427.02,1
427.03,1
1289.02,0
481.02,1
481.03,1
81.01,0
482.01,0
483.01,1
255.03,0
528.01,1
528.02,1
528.03,1
529.01,0
530.01,1
3138.02,1
581.02,1
582.01,1
92.01,1
582.02,1
582.03,1
428.01,1
429.01,1
430.01,1
1353.03,0
431.01,1
70.05,1
484.01,1
485.01,1
486.01,1
2342.02,0
487.01,1
488.01,1
532.01,1
533.01,1
85.02,1
533.02,1
534.01,1
583.01,0
584.01,1
584.02,1
584.03,1
585.01,1
431.02,1
432.01,1
433.01,1
1437.02,0
433.02,1
434.01,0
489.01,0
489.02,0
490.01,1
2583.02,0
82.01,1
490.02,1
534.02,1
535.01,1
536.01,1
3191.02,0
537.01,1
538.01,1
539.01,0
586.01,1
587.01,1
588.01,1
94.01,1
590.01,1
435.01,1
1437.03,0
438.01,1
72.01,1
490.03,1
490.04,1
491.01,0
492.01,1
493.01,0
494.01,1
540.01,0
541.01,1
7.01,1
85.03,1
542.01,1
542.02,1
597.03,1
598.01,1
598.02,1
599.01,1
600.01,1
438.02,1
439.01,0
440.01,1
440.02,1
441.01,0
495.01,0
496.01,1
497.01,1
82.02,1
497.02,1
543.01,1
543.02,1
544.01,0
545.01,0
546.01,1
590.02,1
591.01,0
592.01,1
593.01,1
593.02,1
442.01,1
442.02,0
442.03,1
443.01,1
444.01,1
498.01,0
499.01,1
500.01,1
500.02,1
500.03,1
500.04,1
546.02,1
547.01,1
548.01,1
87.01,1
549.01,0
593.03,1
595.01,0
596.01,1
597.01,1
94.02,1
597.02,1
72.02,1
445.01,0
446.01,1
446.02,1
447.01,0
448.01,1
448.02,1
500.05,1
502.01,0
82.03,1
503.01,1
549.02,0
550.01,1
551.01,1
551.02,1
552.01,0
601.01,1
601.02,1
601.03,1
929.02,1
602.01,1
94.03,1
449.01,0
450.01,0
451.01,0
452.01,1
74.01,0
453.01,0
504.01,1
505.01,1
505.02,1
505.03,1
505.04,1
553.01,0
3337.02,0
555.01,1
555.02,1
88.01,0
398.01,1
398.02,1
1022.02,0
398.03,1
399.01,0
400.01,0
454.01,1
455.01,0
456.01,1
456.02,1
457.01,1
505.05,1
506.01,0
507.01,1
508.01,1
82.04,1
556.01,0
557.01,1
558.01,1
559.01,0
560.01,1
401.01,1
401.02,1
5.02,0
70.01,1
401.03,1
402.01,0
457.02,1
2133.02,0
459.01,1
459.02,1
508.02,1
509.01,1
2876.02,0
509.02,1
509.03,1
510.01,1
561.01,1
563.01,1
3372.02,0
564.01,1
564.02,1
564.03,1
403.01,0
404.01,0
405.01,0
406.01,0
407.01,0
408.01,1
460.01,1
461.01,0
462.01,0
463.01,1
464.01,1
464.02,1
510.02,1
510.03,1
510.04,1
511.01,1
511.02,1
89.01,1
565.01,0
566.01,1
567.01,1
567.02,1
4772.03,0
408.02,1
408.03,1
70.02,1
408.04,1
409.01,1
82.06,0
465.01,0
467.01,1
468.01,1
6048.02,0
6245.03,0
82.05,1
512.01,1
513.01,1
514.01,0
515.01,0
7625.01,0
567.03,1
568.01,1
568.02,1
569.01,1
569.02,1
410.01,0
411.01,0
412.01,1
413.01,1
413.02,1
470.01,1
471.01,1
471.02,1
472.01,1
6612.02,0
516.01,0
517.01,1
518.01,1
518.02,1
518.03,1
7626.01,0
570.01,1
89.02,1
571.01,1
571.02,1
571.03,1
571.04,1
414.01,0
414.02,0
70.03,1
416.01,1
473.01,1
474.01,1
474.02,1
474.03,1
474.04,1
6707.02,0
519.01,1
84.01,1
519.02,1
520.01,1
520.02,1
7627.01,0
572.01,1
572.02,1
573.01,1
573.02,1
574.01,1
416.02,1
418.01,0
419.01,0
420.01,1
6.01,0
475.01,1
475.02,1
476.01,1
6765.02,0
725.01,0
726.01,0
727.01,0
729.01,0
730.01,1
627.02,1
628.01,1
629.01,1
630.01,0
5449.02,0
631.01,1
685.01,0
7124.02,0
730.02,1
730.03,1
111.03,1
730.04,1
731.01,0
632.01,1
633.01,1
634.01,0
635.01,1
636.01,0
688.01,1
689.01,1
547.03,1
690.01,0
107.01,1
691.01,1
691.02,1
732.01,1
7629.01,0
732.03,1
733.01,1
733.02,1
637.01,0
638.01,1
638.02,1
639.01,1
640.01,1
692.01,1
692.02,1
693.01,1
693.02,1
694.01,1
733.03,1
733.04,1
408.05,0
734.01,1
112.01,1
642.01,1
643.01,0
644.01,0
695.01,1
696.01,1
697.01,1
108.01,1
698.01,0
736.01,1
736.02,1
737.01,1
738.01,1
645.01,1
645.02,1
646.01,0
647.01,1
699.01,0
700.01,1
700.02,1
700.03,1
700.04,1
738.02,1
739.01,1
740.01,1
741.01,0
649.01,1
102.01,1
650.01,1
651.01,1
652.01,1
701.01,1
7521.02,1
701.02,1
701.03,1
702.01,0
108.02,1
703.01,0
653.01,0
654.01,1
654.02,1
655.01,1
655.02,1
7544.02,0
704.01,1
705.01,0
706.01,0
707.01,1
707.02,1
4453.02,0
656.01,0
657.01,1
102.02,1
657.02,1
658.01,1
707.03,1
707.04,1
707.05,1
708.01,1
109.01,0
658.02,1
658.03,1
659.01,1
660.01,1
661.01,1
708.02,1
709.01,1
710.01,1
710.02,1
710.03,1
603.01,0
604.01,0
605.01,1
606.01,1
661.02,1
662.01,1
663.01,1
7622.01,0
103.01,1
663.02,1
711.01,1
711.02,1
711.03,1
712.01,0
713.01,0
608.01,0
609.01,0
610.01,1
8.01,0
94.04,1
664.01,1
664.02,1
7623.01,0
664.03,1
665.01,1
665.02,0
110.01,1
714.01,1
715.01,0
717.01,1
612.01,1
612.02,1
613.01,0
614.01,1
615.01,0
665.03,1
666.01,1
667.01,0
668.01,0
104.01,1
669.01,0
717.02,1
718.01,1
718.02,1
718.03,1
719.01,1
616.01,0
617.01,0
618.01,1
619.01,0
620.01,1
670.01,1
671.01,1
7637.01,0
671.02,1
671.03,1
671.04,1
719.02,1
111.01,1
7631.01,0
719.03,1
719.04,1
720.01,1
97.01,1
620.02,1
620.03,1
623.01,1
672.01,1
672.02,1
672.03,0
673.01,1
105.01,1
674.01,1
7632.01,0
720.02,1
720.03,1
720.04,1
721.01,1
722.01,1
623.02,1
623.03,1
623.04,1
624.01,1
624.02,1
98.01,1
675.01,0
676.01,1
676.02,1
677.01,0
678.01,1
678.02,1
723.01,1
723.02,1
111.02,1
723.03,1
724.01,0
624.03,1
625.01,0
626.01,1
7639.01,0
627.01,1
679.01,1
679.02,1
680.01,1
9.01,0
7633.01,0
106.01,0
681.01,0
4062.01,0
4063.01,0
4064.01,0
4065.01,0
4066.01,1
4135.01,0
2289.02,1
7646.01,0
4137.01,0
4067.01,1
4068.01,1
4069.01,1
4070.01,0
4138.01,0
4139.01,1
7650.01,0
4140.01,0
4141.01,0
4142.01,0
4071.01,0
4072.01,1
4073.01,0
4074.01,0
4075.01,0
4143.01,0
7642.01,0
2298.02,1
4146.01,1
4076.01,1
4077.01,0
4078.01,0
4079.01,0
4147.01,0
4148.01,0
4150.01,1
4080.01,0
4081.01,0
4082.01,0
4083.01,0
4084.01,1
4154.02,0
4155.01,0
4156.01,1
7651.01,0
4157.01,1
4158.01,0
142.02,0
4085.01,0
4086.01,0
2243.02,1
4087.01,1
4088.01,0
4163.01,0
4164.01,0
4165.01,0
4166.01,1
4167.01,0
435.05,1
2175.02,1
4019.01,0
4020.01,0
7652.01,0
4089.01,0
4090.01,0
4091.01,1
4092.01,1
7643.01,0
4093.01,0
4151.01,0
4153.01,1
2303.02,1
7647.01,0
4154.01,0
4023.01,0
4024.01,1
4025.01,0
4094.01,0
4095.01,0
4096.01,1
2250.02,1
4097.01,1
4159.01,0
4160.01,1
4161.01,0
4162.01,0
7640.01,0
4026.01,0
4027.01,0
4028.01,0
4029.01,0
4099.01,1
4100.01,0
4101.01,0
4168.01,0
4169.01,1
4170.01,0
4171.01,0
4172.01,0
2360.02,0
4030.01,0
4031.01,0
4032.01,1
4032.02,1
4033.01,0
4102.01,0
4103.01,1
4104.01,0
2257.02,1
4034.01,1
4035.01,0
4036.01,1
2194.02,1
4038.01,0
4106.01,0
4107.01,0
4108.01,0
4110.01,0
4039.01,0
4040.01,0
4041.01,0
4042.01,0
4043.01,0
4111.01,0
7649.01,0
4112.01,0
4113.01,0
4114.01,0
4115.01,0
4044.01,0
4045.01,0
4046.01,0
2195.02,1
4047.01,0
435.06,1
7671.01,0
2263.02,0
4116.01,0
4117.01,1
4118.01,0
4119.01,0
4048.01,0
4049.01,0
4050.01,0
4051.01,1
4052.01,0
7672.01,0
4121.01,1
4122.01,0
4124.01,0
4053.01,1
4054.01,1
4055.01,0
4056.01,1
2195.03,1
4125.01,0
2287.02,1
4126.01,1
4127.01,1
4128.01,0
4057.01,0
4058.01,0
4059.01,0
4061.01,0
7674.01,0
4130.01,0
4131.01,0
4132.01,0
4133.01,0
4134.01,0
4342.01,0
4343.01,1
4344.01,0
4409.01,1
4411.01,1
4412.01,0
7653.01,0
4206.01,0
4275.01,0
7661.01,0
4276.01,1
4277.01,0
4278.01,0
4279.01,0
7664.01,0
4347.01,1
4348.01,0
4349.01,0
4413.01,0
4414.01,0
4415.01,0
4416.01,0
4417.01,0
4210.01,0
4211.01,0
4212.01,1
571.05,1
4280.01,0
2505.02,0
4281.01,0
4282.01,0
4283.01,0
4350.01,0
4352.01,0
4354.01,0
4355.01,0
4420.01,0
4213.01,0
4214.01,0
4215.01,1
4216.01,0
7654.01,0
4284.01,0
4285.01,0
4286.01,0
4288.01,1
4355.02,0
4355.03,0
4355.04,0
4355.05,0
4356.01,1
4422.01,0
4423.01,0
4424.01,1
4425.01,0
4217.01,0
4218.01,0
4219.01,0
4220.01,0
4221.01,0
4289.01,0
7655.01,0
2529.02,1
4290.01,1
4291.01,0
4292.01,1
4359.01,0
4360.01,1
4362.01,0
7665.01,0
4429.01,0
2433.05,0
4222.01,1
4223.01,0
4224.01,0
4225.01,0
4293.01,0
4294.01,0
4295.01,1
7656.01,0
4297.01,0
4364.01,1
4365.01,0
4365.02,0
4439.01,0
4440.01,0
4441.01,1
7666.01,0
4227.01,0
4228.01,0
4229.01,0
4230.01,1
4299.01,0
2541.02,1
4300.01,1
4301.01,1
4365.03,0
7657.01,0
4368.01,0
4368.02,0
4369.01,0
4431.02,0
4432.01,0
4433.01,0
4434.01,0
4231.01,0
2442.02,1
4232.01,1
4233.01,0
4234.01,1
4304.01,1
4305.01,0
4306.01,0
4370.01,0
4371.01,1
2732.02,1
4372.01,1
4373.01,0
4436.01,0
4437.01,0
4438.01,0
4236.01,0
4237.01,0
4238.01,0
4239.01,0
4308.01,0
4309.01,0
612.03,1
4375.01,0
4376.01,0
4378.01,0
7658.01,0
4444.01,1
4445.01,0
4446.01,1
4447.01,1
4240.01,0
4241.01,1
2458.02,1
4243.01,0
4310.01,1
4311.01,0
4312.01,1
4313.01,0
4314.01,0
4379.01,0
4380.01,0
4381.01,0
4382.01,1
4173.01,0
4174.01,0
7659.01,0
4175.01,0
4176.01,0
4177.01,0
4244.01,0
7663.01,0
4246.01,1
4248.01,0
4315.01,0
4316.01,0
4317.01,0
4319.01,0
4383.01,1
4384.01,1
4385.01,1
4386.01,1
4179.01,0
4180.01,0
4181.01,0
4182.01,0
4249.01,0
4250.01,0
2485.02,1
4252.01,1
2579.02,1
4320.01,1
4321.01,0
7669.01,0
4322.01,0
4322.02,0
4387.01,0
4388.01,0
2365.02,1
4183.01,0
4184.01,1
4185.01,1
7660.01,0
4186.01,0
4254.01,0
4255.01,1
4256.01,0
4324.01,0
4326.01,0
4327.01,0
4392.01,0
4394.01,0
4396.01,0
4187.01,1
4188.01,1
4189.01,1
4190.01,1
4191.01,0
7695.01,0
4258.01,0
4260.01,0
4261.01,1
2485.03,1
4328.01,0
4330.01,0
4396.02,0
4396.03,0
4397.01,0
2842.03,1
4192.01,1
7689.01,0
4193.01,0
4194.01,1
4195.01,0
4262.01,0
4263.01,0
7696.01,0
4265.01,0
4266.01,0
4332.01,0
4335.01,1
4336.01,0
4400.01,1
4401.01,0
4402.01,0
4403.01,1
4196.01,0
4197.01,0
4199.01,1
4200.01,0
4267.01,1
4268.01,1
4269.01,1
4270.01,0
4337.01,1
4338.01,0
2585.02,1
4339.01,0
4340.01,0
4404.01,0
4406.01,0
4408.01,0
4201.01,0
4202.01,1
7684.01,0
2433.03,1
4203.01,0
4204.01,1
2498.02,1
4271.01,0
7690.01,0
4272.01,0
4617.01,1
4618.01,0
7697.01,0
4619.01,0
4620.01,0
4621.01,0
4690.01,0
4692.01,0
806.04,0
3194.01,0
4479.01,0
4481.01,0
4483.01,0
4550.01,1
7691.01,1
4552.01,0
4553.01,0
4622.01,1
4623.01,0
3179.01,1
4624.01,1
4625.01,1
4693.01,1
4695.01,0
4696.01,0
4697.01,0
4484.01,1
4485.01,0
4486.01,0
3158.02,1
3164.01,0
4556.01,0
4628.01,0
4629.01,0
4701.01,0
4702.01,0
4488.01,0
4489.01,0
4490.01,0
4491.01,1
4492.01,0
4559.01,0
4560.01,0
4561.01,1
4562.01,0
4631.01,0
7692.01,0
3182.01,0
4703.01,0
4704.01,0
4706.01,0
4493.01,0
4494.01,0
701.05,1
4564.01,0
4565.01,0
4566.01,1
4635.01,0
4638.01,0
4639.01,0
4707.01,0
4708.01,0
3158.03,1
4500.01,1
4568.01,0
7682.01,0
4569.01,0
4571.01,1
4639.02,0
4640.01,1
4641.01,0
4642.01,0
3184.01,1
4722.01,0
4723.01,0
4724.01,0
4725.01,1
4726.01,0
4500.02,1
4501.01,1
4502.01,0
4572.01,0
4573.01,0
3167.01,0
4574.01,0
4645.01,0
4646.01,0
4712.01,0
3158.04,1
4506.01,1
4507.01,0
4576.01,0
4578.01,0
4579.01,0
4648.01,0
4650.01,0
4652.01,0
4718.01,0
4719.01,0
4720.01,0
4721.01,0
4510.01,1
4511.01,0
4512.01,0
4513.01,1
4584.01,0
3185.01,0
4654.01,0
4727.01,0
4728.01,0
4729.01,0
4731.01,0
4514.01,0
3158.05,1
4515.01,0
4516.01,0
4517.01,0
4585.01,1
4589.01,0
7675.01,0
4658.01,0
4659.01,1
4660.01,0
4661.01,1
4448.01,0
4449.01,0
4450.01,1
4518.01,0
4521.01,0
4522.01,0
7694.01,0
4592.01,0
4593.01,0
4662.01,0
3188.01,0
4664.01,0
4665.01,0
4453.01,0
4454.01,0
4455.01,0
4524.01,1
3159.01,0
7686.01,0
4525.01,0
3172.02,1
4594.01,0
4596.01,0
4668.01,0
4669.01,0
4458.01,0
4459.01,0
4461.01,0
7683.01,0
4527.01,0
4529.01,0
4598.01,0
4599.01,0
4600.01,0
4671.01,0
4672.01,0
4673.01,0
4465.01,0
7677.01,0
4531.01,0
4532.01,0
4533.01,0
3161.01,0
4534.01,0
3174.01,0
4604.01,0
4606.01,0
4675.01,0
4677.01,0
4678.01,0
4679.01,0
3157.01,0
4468.01,0
4469.01,0
4470.01,0
4535.01,0
4536.01,0
4537.01,0
4538.01,0
4539.01,1
4607.01,0
4608.01,0
4609.01,0
4610.01,0
4611.01,0
4681.01,0
4682.01,0
3193.01,0
4683.01,0
4684.01,0
4471.01,0
4472.01,0
4473.01,1
4474.01,1
4475.01,0
4540.01,0
7724.01,0
4542.01,0
4543.01,0
3162.01,0
4612.01,0
4613.01,1
3178.01,0
4615.01,0
4616.01,0
4687.01,0
4688.01,0
4689.01,0
4476.01,0
3158.01,1
4477.02,1
4478.01,1
4544.01,0
4547.01,0
7725.01,0
4905.01,0
4908.01,1
7702.01,0
3296.01,1
3297.01,0
3298.01,1
3299.01,0
1196.02,1
4765.01,1
4767.01,0
7718.01,0
4835.01,0
4836.01,0
4909.01,0
4910.01,0
3223.01,0
4911.01,0
3300.01,1
3300.02,1
3302.01,1
3303.01,1
4769.01,0
4770.01,0
3214.01,1
4841.01,0
4842.01,0
4843.01,0
3226.01,0
3304.01,0
3305.01,1
3306.01,1
3308.01,1
3205.01,0
4772.02,0
4845.01,0
4847.01,0
3227.01,0
3230.01,0
7719.01,0
3231.01,0
3232.01,1
279.03,1
1196.03,1
3308.02,1
3311.01,1
4777.01,1
4778.01,0
4779.01,0
3216.01,0
4851.01,0
7713.01,0
3234.01,0
3237.01,1
3238.01,0
3239.01,0
3314.01,0
3315.01,1
7726.01,0
3316.01,1
4781.01,0
4783.01,0
4784.01,0
4855.01,0
3240.01,0
7714.01,0
3241.01,0
3242.01,0
3243.01,0
3245.01,1
1132.02,0
3324.01,1
3325.01,0
1422.04,1
3326.01,0
3327.01,0
4785.01,0
4786.01,0
4787.01,0
4788.01,0
4789.01,0
4858.01,0
4860.01,0
3217.01,0
3246.01,1
3247.01,0
3249.01,0
3250.01,0
3318.01,1
7720.01,0
3319.01,1
3319.02,1
4791.01,0
806.05,0
4863.01,0
4865.01,0
4866.01,0
3252.01,0
3253.01,0
3254.01,0
3255.01,1
3256.01,0
3319.03,1
3321.01,0
3322.01,0
7721.01,0
4795.01,0
4796.01,0
4867.01,0
4868.01,0
4869.01,0
4870.01,0
3218.01,0
1151.03,1
3257.01,0
3260.01,1
3328.01,0
3330.01,0
3331.01,0
3332.01,0
4798.01,0
7722.01,0
4800.01,0
4872.01,0
4873.01,0
4874.01,0
3261.01,1
3262.01,1
7707.01,0
3265.01,0
4732.01,0
3200.01,0
4733.01,1
4734.01,0
4802.01,0
4803.01,1
4805.01,0
4806.01,0
4807.01,0
4876.01,0
4879.01,0
4880.01,0
3266.01,1
3267.01,1
3268.01,0
3269.01,0
4736.01,0
4738.01,0
4739.01,0
4740.01,0
4809.01,0
3211.01,0
4812.01,0
3219.01,0
4882.01,1
4883.01,0
4884.01,0
3270.01,0
3271.01,1
3273.01,0
3274.01,1
4741.01,0
7709.01,0
4742.01,1
4743.01,0
4744.01,0
4814.01,0
4816.01,0
4817.01,0
4887.01,0
4888.01,0
4889.01,0
1042.02,0
3275.01,0
3276.01,0
3277.01,1
3278.01,1
4745.01,1
4746.01,0
4747.01,1
4748.01,1
7710.01,0
4819.01,0
4821.01,0
3212.01,0
3220.01,1
4894.01,0
7723.01,0
3279.01,1
3280.01,1
3282.01,1
3284.01,1
3285.01,0
7698.01,0
4751.01,0
4752.01,0
4753.01,0
4824.01,0
4825.01,0
4897.01,0
4899.01,0
3286.01,1
3287.01,1
3288.01,1
1192.02,0
3289.01,0
7699.01,0
4757.01,0
4758.01,1
4828.01,0
4829.02,0
4830.01,0
3221.01,0
4901.01,0
4903.01,0
3291.01,0
3292.01,0
3293.01,0
3294.01,0
3295.01,0
4760.01,0
4761.01,0
3204.01,0
3213.01,0
4831.01,0
4832.01,0
3501.01,0
3502.01,0
3503.01,1
3504.01,0
3505.01,0
7717.01,0
3588.01,0
3589.01,0
3590.01,0
3591.01,0
1873.02,1
7778.01,0
3592.01,0
3365.01,1
3366.01,0
3369.01,0
3435.01,0
3436.01,1
3437.01,1
3506.01,0
3510.01,0
1803.02,0
3511.01,0
3512.01,0
3513.01,0
3593.01,0
3594.01,0
7779.01,0
3595.01,0
3596.01,0
3597.01,0
3370.02,1
3372.01,1
3373.01,0
3438.01,1
1731.02,0
7747.01,0
3439.01,1
3440.01,1
3441.01,0
3514.01,0
3515.01,0
7766.01,0
3516.01,0
3517.01,0
3518.01,0
3520.01,0
3598.01,0
3599.01,0
3600.01,0
3601.01,0
1875.02,0
3602.01,0
7736.01,0
3374.01,1
3375.01,1
3376.02,0
3443.01,1
7748.01,0
3445.01,1
3521.01,0
7768.01,0
1806.02,1
3522.01,0
3523.01,0
3524.01,0
3525.01,0
3603.01,0
3604.01,0
3605.01,0
3606.01,0
3607.01,0
3608.01,0
3379.01,1
3380.01,0
3382.01,0
3383.01,1
3446.01,0
1747.02,0
3449.01,0
3450.01,0
3526.01,0
3527.01,0
3528.01,0
3529.01,0
3530.01,0
7781.01,0
3531.01,0
3609.01,0
3610.01,0
3610.02,0
3611.01,0
7737.01,0
3612.01,0
1628.02,1
3384.02,1
3385.01,0
3386.01,0
3387.01,0
3452.01,0
3454.01,0
3456.01,1
7769.01,0
3457.01,0
1806.03,1
3532.01,0
3533.01,0
7783.01,0
3534.01,0
3535.01,0
3618.01,0
3619.01,0
3620.01,0
1905.02,1
3621.01,0
3388.01,0
3390.01,0
7751.01,0
3392.01,0
3458.01,1
3459.01,1
7770.01,0
3461.01,0
3536.01,0
3537.01,0
3538.01,0
7782.01,0
3539.01,0
3540.01,0
3627.01,0
3627.02,0
3628.01,0
3629.01,0
352.02,1
3393.01,1
1650.02,1
7753.01,0
3464.01,0
3465.01,1
7771.01,0
3466.01,0
3541.01,0
1823.02,0
3542.01,0
3543.01,0
7727.01,0
3544.01,0
3545.01,0
3613.01,0
3614.01,0
3615.01,0
7738.01,0
3616.01,0
3617.01,0
3398.01,1
3398.02,1
7754.01,0
3399.01,0
3467.01,0
3468.01,1
7772.01,0
1781.03,1
3546.01,0
3547.01,0
3548.01,0
7728.01,0
3549.01,0
3550.01,0
3551.01,0
3622.01,0
3623.01,0
7739.01,0
3624.01,0
3625.01,0
3626.01,0
3400.01,0
7756.01,0
1681.02,1
3402.01,0
3403.01,1
3470.02,1
3471.01,0
3474.01,1
1830.02,1
3552.01,0
3553.01,0
3554.01,0
3555.01,0
3556.01,0
3334.01,0
3335.01,1
3336.01,0
284.04,1
1525.02,1
3403.02,1
7757.01,0
3404.01,1
3407.01,1
3409.01,0
3475.01,0
3476.01,0
3477.01,0
3479.01,0
3557.01,0
7730.01,0
3558.01,0
3559.01,0
3560.01,0
3561.01,0
1833.02,1
7740.01,0
3338.01,0
3338.02,0
3410.01,1
3412.01,1
3413.01,0
3482.01,1
3484.01,1
7731.01,0
3562.01,0
3563.01,0
3564.01,0
3565.01,0
3566.01,0
7741.01,0
3567.01,0
3342.01,0
1545.02,0
3344.01,1
3414.01,0
3415.01,1
3417.01,1
3418.01,1
3485.01,0
3487.01,0
3489.01,0
7732.01,0
3490.01,0
3568.01,0
3569.01,0
3570.01,0
3571.01,0
7742.01,0
1833.03,1
3572.01,0
3344.02,1
3345.01,1
3346.01,1
3347.01,1
3348.01,1
3419.01,0
1707.02,1
1792.02,0
3491.01,0
3492.01,0
3493.01,1
3573.01,0
3574.01,0
3575.01,0
7743.01,0
3576.01,0
3577.01,0
3349.01,1
3350.01,0
3351.01,0
7761.01,0
3352.01,1
3423.01,1
3424.01,0
3425.01,1
3425.02,1
3496.01,1
7734.01,0
3497.01,1
3498.01,0
3578.01,0
3579.01,0
3580.01,0
3581.01,0
1837.02,0
3582.01,0
3353.01,1
3356.01,1
3357.01,0
3427.01,0
3428.01,1
7777.01,0
3429.02,1
3429.03,0
302.02,0
3499.01,0
1792.03,1
3499.02,0
3500.01,1
3583.01,0
3584.01,0
3585.01,0
7745.01,0
3586.01,0
3587.01,0
3360.01,0
3361.01,1
7763.01,0
3362.01,0
3363.01,1
1718.02,1
7808.01,0
3432.01,1
3816.01,0
3817.01,0
3818.01,0
7788.01,0
3819.01,0
3820.01,0
3893.01,1
2092.03,1
3894.01,0
3895.01,0
3896.01,0
3897.01,0
3667.01,0
1955.03,0
3668.01,0
3669.01,0
3670.01,0
2011.02,1
3743.01,0
3744.01,0
3745.01,0
3746.01,0
3747.01,0
3821.01,0
3822.01,0
3824.01,0
435.03,1
3898.01,0
3899.01,0
3900.01,0
3901.01,1
3902.01,0
3903.01,0
3671.01,0
3672.01,0
3673.01,0
3674.01,0
3675.01,0
3676.01,0
3747.02,0
3748.01,0
3750.01,0
3751.01,0
2055.02,1
3825.01,0
3826.01,0
3827.01,0
3827.02,0
3828.01,0
3904.01,0
3905.01,0
3906.01,0
3907.01,0
7792.01,0
3677.01,0
1955.04,1
3678.01,1
3679.01,0
3680.01,1
3681.01,1
3752.01,0
3753.01,0
3754.01,0
3755.01,0
3756.01,1
3830.01,0
3831.01,0
3832.01,0
3834.01,0
3835.01,1
2055.03,1
3908.01,1
3910.01,0
3911.01,1
3912.01,1
3681.02,1
3682.01,0
3683.01,1
3684.01,0
3685.01,0
3685.02,1
3757.01,0
3758.01,0
3759.01,0
3760.01,0
7810.01,0
3836.01,0
3837.01,0
3838.01,0
3839.01,0
3840.01,0
7789.01,0
3914.01,0
3915.01,0
3916.01,1
7794.01,0
1960.02,1
3686.01,0
3687.01,0
3688.01,0
7800.01,0
2028.03,1
3762.01,1
3763.01,0
3765.01,0
3766.01,0
3841.01,0
7811.01,0
3842.01,0
3843.01,0
3844.01,0
3845.01,0
3925.01,1
3925.02,1
3925.03,1
3926.01,0
3927.01,0
3690.01,0
3691.01,0
3691.02,0
3692.01,0
3693.01,0
3694.01,0
7801.01,0
3768.01,0
3769.01,0
3771.01,0
3772.01,0
3846.01,0
3847.01,0
3848.01,1
3849.01,0
3850.01,0
3851.01,0
3917.01,0
3918.01,0
3919.01,0
3920.01,0
3921.01,0
1972.02,1
3695.01,0
3696.01,0
3697.01,0
3698.01,0
2029.03,1
3773.01,0
7802.01,0
3775.01,0
3776.01,0
3852.01,0
3853.01,0
7784.01,0
3854.01,0
3855.01,0
3856.01,0
3922.01,0
3923.01,0
435.04,1
2094.02,1
3924.01,0
3699.01,0
3700.01,0
3701.01,0
3702.01,0
3703.01,0
3704.01,0
3778.01,0
3779.01,0
7803.01,0
3780.01,0
3782.01,0
3783.01,0
3857.01,0
3858.01,0
3859.01,0
3860.01,0
3861.01,0
3862.01,0
3928.01,1
3929.01,0
7790.01,0
3930.01,0
3931.01,0
2098.02,1
1986.02,1
3705.01,0
3706.01,0
3707.01,0
3708.01,0
3784.01,0
7804.01,0
3785.01,0
3786.01,0
3862.02,0
3863.01,0
3864.01,1
2061.02,1
1905.03,1
3630.01,0
3631.01,0
3632.01,0
3633.01,0
3634.01,0
3709.01,0
3710.01,0
7797.01,0
3711.01,0
3712.01,0
3713.01,0
3714.01,0
3788.01,0
3789.01,0
7805.01,0
3790.01,0
3791.01,1
3792.01,0
3793.01,0
3865.01,0
3866.01,0
3867.01,1
3868.01,0
3869.01,0
3635.01,0
3636.01,0
3637.01,0
3638.01,0
3639.01,0
1915.02,1
1992.02,1
3715.01,0
3716.01,0
3717.01,0
3718.01,0
3719.01,0
3794.01,1
2034.02,1
7806.01,0
3795.01,0
3796.01,0
3797.01,0
3870.01,0
3871.01,0
3872.01,0
3873.01,0
2076.02,1
3640.01,0
3641.01,0
3641.02,0
3642.01,0
3643.01,0
3644.01,0
3644.02,0
3720.01,0
3721.01,0
3723.01,0
3724.01,0
3798.01,0
3799.01,0
7807.01,0
3800.01,0
3802.01,0
3874.01,0
3875.01,0
7786.01,0
3876.01,1
3877.01,0
3878.01,1
3645.01,0
3646.01,0
3647.01,0
1922.03,1
3648.01,0
3649.01,0
2004.02,1
3725.01,0
3726.01,0
3727.01,0
3803.01,0
3804.01,0
2039.02,0
3805.01,0
3806.01,0
3879.01,0
3881.01,0
3882.01,0
3883.01,0
3650.01,0
3651.01,0
3652.01,0
3653.01,0
3654.01,0
3655.01,0
3728.01,1
3729.01,0
3729.02,0
3730.01,0
3731.01,0
7799.01,0
3732.01,0
3807.01,0
3808.01,0
3809.01,0
2078.02,1
3884.01,0
3885.01,0
3886.01,0
7787.01,0
3887.01,0
3656.01,0
3657.01,0
1932.02,1
3658.01,0
3659.01,0
3660.01,0
3733.01,0
3734.01,0
3735.01,0
3736.01,0
3737.01,0
3812.01,0
3813.01,0
3814.01,0
2048.02,0
3888.01,0
3889.01,0
3890.01,0
3892.01,1
3661.01,0
3662.01,0
3663.01,1
3664.01,0
3665.01,0
3666.01,0
3738.01,0
3739.01,0
3740.01,0
3741.01,0
3742.01,0
1776.01,0
1792.01,1
2027.01,0
7848.01,0
1859.01,0
1953.01,0
2088.01,0
2089.01,0
2112.01,0
2118.01,0
2127.01,0
1312.02,0
1408.02,0
3964.01,0
3965.01,0
3966.01,1
3967.01,0
3967.02,0
3968.01,0
1667.01,0
1668.01,0
1671.01,1
1782.01,0
1821.01,1
1844.01,0
1993.01,0
1865.01,0
2320.01,0
2322.01,0
2326.01,0
2330.01,0
2334.01,0
2349.01,0
2359.01,0
3969.01,0
3970.01,0
3971.01,0
3972.01,0
1673.01,1
1674.01,0
1676.01,0
1678.01,0
7837.01,0
1679.01,0
1785.01,0
1954.01,0
1742.01,0
1806.01,0
1795.01,0
2362.01,0
2391.01,0
2394.01,0
2396.01,0
2446.01,1
439.02,0
3973.01,0
3974.01,0
3975.01,1
3976.01,0
3977.01,0
1682.01,0
1689.01,0
1690.01,0
7838.01,0
1691.01,0
1694.01,0
1846.01,1
1966.01,0
1796.01,0
7851.01,0
1827.01,0
1823.01,0
2500.01,0
2502.01,0
2515.01,0
2568.01,0
2570.01,0
2575.01,0
2584.01,0
3978.01,0
2162.02,1
3979.01,0
3980.01,0
3981.01,0
1695.01,1
1696.01,0
7839.01,0
1697.01,0
1698.01,0
1699.01,0
1981.01,1
1926.01,0
1896.01,0
7852.01,0
1763.01,0
1807.01,0
1999.01,0
2653.01,0
2661.01,0
7817.01,0
2663.01,1
2728.01,1
2742.01,1
3982.01,0
3983.01,0
7829.01,0
3984.01,1
3985.01,0
3986.01,0
3987.01,0
1703.01,0
7840.01,0
1709.01,0
1712.01,0
1714.01,0
1719.01,0
7853.01,0
1887.01,0
1804.01,1
1774.01,1
2015.01,0
1771.01,0
2793.01,1
2806.01,1
2814.01,0
2818.01,0
2843.01,0
3988.01,0
2163.02,1
3989.01,0
3990.01,0
7841.01,0
1635.01,0
1636.01,0
1638.01,0
1639.01,0
1640.01,0
1642.01,0
1983.01,0
2041.01,0
2139.01,0
7819.01,0
2591.01,0
2599.01,0
2612.01,1
2614.01,1
2630.01,0
7830.01,0
3992.01,0
3993.01,0
3994.01,0
3995.01,0
3996.01,0
1645.01,0
1652.01,0
1653.01,0
1735.01,0
1729.01,0
1730.01,0
2142.01,0
2157.01,0
2161.01,0
2165.01,1
2170.01,1
2176.01,0
7821.01,0
2772.01,0
2782.01,0
2783.01,0
2784.01,0
2788.01,0
3997.01,0
3998.01,0
2167.03,1
3999.01,0
4000.01,0
1734.01,0
1987.01,0
1949.01,0
1759.01,0
1994.01,0
7812.01,1
2178.01,0
2184.01,0
2187.01,0
2188.01,0
2190.01,0
7822.01,0
2847.01,0
2858.01,0
2860.01,1
2875.01,0
7831.01,0
4001.01,0
4002.01,1
4003.01,0
4004.01,1
4005.01,1
1766.01,0
1903.01,1
1912.01,0
1811.01,0
1791.01,0
2192.01,0
2196.01,0
2197.01,0
2198.01,1
2199.01,1
3932.01,0
3933.01,1
3934.01,0
3935.01,1
4006.01,0
4008.01,0
2172.02,1
4009.01,1
7844.01,0
1768.01,0
1757.01,0
1775.01,0
1936.01,0
1777.01,0
2203.01,0
2207.01,0
2211.01,0
2050.01,1
2231.01,0
7823.01,0
3936.02,1
3937.01,0
3938.01,0
3939.01,0
3940.01,0
4010.01,0
4011.01,0
4012.01,0
4013.01,0
4014.01,0
7845.01,0
1755.01,0
1991.01,0
1836.01,1
1778.01,0
1780.01,0
7813.01,0
2234.01,0
2235.01,0
2239.01,0
2240.01,0
2244.01,0
7824.01,0
3941.01,0
3942.01,0
3943.01,0
3944.01,0
4015.01,1
4016.01,1
4017.01,0
4018.01,0
266.01,1
65.01,0
383.01,0
860.01,0
1789.01,0
1956.01,0
1834.01,1
1995.01,0
1855.01,0
7814.01,0
2249.01,0
2251.01,0
2254.01,0
2258.01,0
2054.01,0
3945.01,0
3946.01,1
3947.01,0
3947.02,0
3948.01,0
3949.01,0
562.01,0
879.01,0
885.01,0
589.01,0
594.01,0
962.01,0
973.01,0
1026.01,0
1027.01,0
1131.01,0
1137.01,0
1744.01,0
1740.01,0
1918.01,0
1748.01,0
1943.01,1
7815.01,0
2262.01,0
2267.01,0
2268.01,0
2270.01,0
2275.01,0
7825.01,0
2135.03,1
3950.01,0
3951.01,0
3952.01,0
3953.01,0
1351.01,0
1195.01,0
1483.01,0
111.04,0
1611.01,0
1624.01,0
1817.01,0
1869.01,0
1951.01,0
2030.01,0
1752.01,0
7816.01,0
2277.01,0
2284.01,0
2292.01,0
2301.01,1
2061.01,1
7826.01,1
3954.01,0
3955.01,0
3956.01,0
3957.01,0
3958.01,0
7836.01,0
1625.01,1
1617.01,0
1620.01,0
1634.01,0
1614.01,1
1919.01,0
1743.01,0
1741.01,0
1767.01,0
1769.01,0
2065.01,1
2070.01,0
2077.01,0
2085.01,0
7828.01,1
3959.01,0
2147.02,1
3960.01,0
3961.01,0
3962.01,0
3963.01,0
1623.01,0
1657.01,0
1658.01,1
1663.01,0
1664.01,0
3118.01,0
3121.01,0
1422.05,1
3133.01,0
3134.01,0
3138.01,1
3139.01,0
3143.01,0
3149.01,0
351.05,1
351.06,1
2881.01,0
2893.01,0
2902.01,0
2909.01,0
2916.01,0
2934.01,0
918.02,0
966.02,0
1961.02,0
2473.02,0
2533.02,0
2570.02,0
2586.02,0
2631.02,0
1871.02,1
1783.02,0
2940.01,0
2941.01,0
2947.01,0
2950.01,0
2953.01,0
2954.01,0
2974.01,0
2983.01,0
2988.01,0
2993.01,0
3001.01,0
3006.01,0
3009.01,1
3016.01,0
3024.01,0
3044.01,0
3046.01,0
3054.01,0
3062.01,0
3076.01,0
3077.01,1
351.04,1
3079.01,0
3080.01,0
3094.01,1
3096.01,1
3100.01,0
3103.01,0
68.01,0
1599.02,0
2793.02,1
339.03,1
577.02,0
7854.01,0
5148.01,0
5150.01,0
5151.01,0
5152.01,0
5153.01,0
5154.01,0
5272.01,0
5273.01,0
5277.01,0
3376.01,0
3381.02,0
3447.01,0
3453.01,0
3478.01,1
5031.01,0
5032.01,0
5034.01,0
5036.01,0
5157.01,0
5159.01,0
5161.01,0
5163.01,0
5280.01,0
5282.01,0
5285.01,0
5286.01,0
3494.01,1
3509.01,0
3781.01,0
3791.02,1
4920.01,0
5038.01,0
5039.01,0
5041.01,0
5042.01,0
5043.01,0
5045.01,0
5166.01,0
5167.01,0
5168.01,0
5170.01,0
5171.01,0
5292.01,0
5293.01,0
5294.01,0
5295.01,0
4922.01,0
4924.01,0
4925.01,0
4927.01,0
4928.01,1
5047.01,0
5049.01,0
5050.01,0
5051.01,0
5052.01,0
5053.01,0
5172.01,0
5173.01,0
5175.01,0
5177.01,0
5178.01,1
5296.01,0
5298.01,0
5299.01,0
5301.01,0
5302.01,0
5303.01,0
4929.01,0
4930.01,0
4933.01,0
4934.01,0
4935.01,0
4936.01,0
5054.01,0
5055.01,0
5056.01,0
5058.01,0
5059.01,0
5060.01,0
5061.01,0
5179.01,0
5180.01,0
5181.01,0
5182.01,0
5183.01,0
5184.01,0
5185.01,0
5304.01,0
5305.01,0
5306.01,0
5307.01,0
5309.01,0
5311.01,0
4937.01,0
4939.01,0
4941.01,0
4942.01,0
4944.01,0
5062.01,0
5063.01,0
5064.01,0
5065.01,0
5186.01,0
5187.01,0
5189.01,0
5190.01,0
5191.01,1
5193.01,0
5328.01,0
5330.01,0
7855.01,0
5334.01,0
5335.01,0
4945.01,0
4946.01,0
4947.01,0
4948.01,0
7856.01,0
4949.01,0
4950.01,0
4951.01,0
5069.01,0
5070.01,0
5072.01,0
5073.01,0
5074.01,0
5075.01,0
5076.01,0
5194.01,0
5195.01,0
5197.01,0
5198.01,0
5199.01,0
5200.01,0
5201.01,0
5312.01,0
5313.01,0
5314.01,0
5315.01,0
5316.01,0
5317.01,0
5318.01,0
5319.01,0
4952.01,0
4953.01,0
4954.01,0
4955.01,0
4956.01,0
4957.01,0
4959.01,0
5077.01,0
5078.01,0
5080.01,0
5081.01,0
5082.01,0
5084.01,1
5203.01,0
5204.01,0
5206.01,0
5208.01,0
5209.01,0
5323.01,0
5325.01,0
5326.01,0
4962.01,0
4964.01,0
4965.01,0
4966.01,0
5086.01,0
5089.01,0
5090.01,0
5091.01,0
5210.01,0
5212.01,0
5214.01,0
5215.01,0
5338.01,0
5339.01,0
5340.01,0
5342.01,0
5343.01,0
4968.01,0
4970.01,0
4971.01,1
4973.01,0
4974.01,0
5093.01,0
5094.01,0
5095.01,0
5096.01,0
5097.01,0
5100.01,0
5217.01,0
5218.01,0
5220.01,0
5221.01,0
4979.01,0
4980.01,0
4982.01,0
4983.01,0
5102.01,0
5103.01,0
5105.01,0
5106.01,0
5108.01,0
5225.01,0
5232.01,0
4984.01,0
4985.01,0
4987.01,0
4988.01,0
4989.01,0
4990.01,0
5109.01,0
5111.01,0
5112.01,0
5113.01,0
5114.01,0
5115.01,0
5116.01,0
5233.01,0
5234.01,0
5235.01,0
5238.01,0
5239.01,0
5240.01,0
4993.01,0
4994.01,0
4995.01,0
4996.01,0
4997.01,0
4998.01,0
5118.01,0
5120.01,0
5121.01,0
5122.01,0
5123.01,0
5241.01,0
5242.01,0
5243.01,0
5244.01,0
5245.01,1
5246.01,0
5000.01,0
5002.01,0
5005.01,0
5125.01,0
5127.01,0
5128.01,0
5129.01,0
5131.01,0
5250.01,0
5251.01,0
5252.01,0
5253.01,0
5255.01,0
701.04,0
2045.03,1
5008.01,0
5010.01,0
5011.01,0
5012.01,0
5013.01,0
5132.01,0
5133.01,0
5136.01,0
5137.01,0
5138.01,0
5139.01,0
5256.01,0
5257.01,0
5258.01,0
5259.01,0
5260.01,0
5261.01,0
5263.01,0
2473.03,1
3156.02,0
3156.03,0
3175.01,0
7857.01,0
3244.01,0
3272.01,0
5014.01,0
5015.01,0
5016.01,0
5017.01,0
5018.01,0
5019.01,0
5020.01,0
5140.01,0
5141.01,0
5143.01,0
5144.01,0
5145.01,0
5146.01,0
5147.01,0
5265.01,0
5270.01,0
5271.01,0
3281.01,1
3290.01,0
3317.01,0
3333.01,0
3359.01,0
7858.01,0
3364.01,0
5023.01,0
5024.01,0
5025.01,0
5026.01,0
5028.01,0
5029.01,0
5646.01,0
5647.01,0
5648.01,0
5650.01,0
5773.01,0
5774.01,0
5777.01,0
5778.01,0
5779.01,0
5400.01,0
5401.01,0
5402.01,0
5403.01,0
5404.01,0
5405.01,0
5527.01,0
5529.01,0
5530.01,0
5531.01,0
5534.01,0
5655.01,0
5658.01,0
5659.01,0
5661.01,0
5780.01,0
5781.01,0
5783.01,0
5784.01,0
5786.01,0
5409.01,0
5412.01,0
5414.01,0
5535.01,0
5537.01,0
5538.01,0
5540.01,0
5542.01,0
5662.01,1
5664.01,0
5667.01,0
5668.01,0
5669.01,0
5788.01,0
5791.01,0
5792.01,0
5793.01,0
5415.01,0
5416.01,1
5417.01,0
5419.01,0
5420.01,0
5421.01,0
5543.01,0
5544.01,0
5548.01,0
5549.01,0
5670.01,0
5672.01,0
5673.01,0
5674.01,0
5675.01,0
5676.01,0
5797.01,0
5802.01,0
5803.01,0
5424.01,0
5427.01,0
5428.01,0
5429.01,0
5430.01,0
5551.01,0
5555.01,0
5557.01,0
5558.01,0
5678.01,0
5679.01,0
5683.01,0
5804.01,0
5808.01,0
5809.01,0
5811.01,0
5432.01,0
5436.01,0
5438.01,0
5559.01,0
5560.01,0
5561.01,0
5562.01,0
5564.01,0
5565.01,0
5686.01,0
5687.01,0
5691.01,0
5828.01,0
5832.01,0
5439.01,0
5441.01,0
5442.01,0
5443.01,0
5444.01,0
5445.01,0
5567.01,0
5568.01,1
5569.01,0
5571.01,0
5573.01,0
5693.01,0
5695.01,0
5696.01,0
5697.01,0
5699.01,0
5700.01,0
5813.01,0
5814.01,0
5818.01,0
5447.01,0
5448.01,0
5449.01,0
5450.01,0
5452.01,0
5453.01,0
5454.01,0
5575.01,0
5576.01,0
5581.01,1
5582.01,0
5701.01,0
5703.01,0
5705.01,0
5706.01,1
5708.01,0
5820.01,0
5823.01,0
5824.01,0
5827.01,1
5456.01,0
5460.01,0
5462.01,0
5584.01,0
5586.01,0
5587.01,0
5589.01,0
5590.01,0
5709.01,0
5710.01,0
5711.01,0
5713.01,0
5714.01,0
5716.01,0
5838.01,0
5840.01,0
5841.01,0
5843.01,0
5463.01,0
5464.01,0
5465.01,0
5466.01,1
5469.01,0
5593.01,0
5594.01,0
5595.01,0
5596.01,0
5717.01,0
5720.01,0
5721.01,0
5722.01,0
5723.01,0
5724.01,0
5345.01,0
5346.01,0
5347.01,0
5348.01,0
5349.01,0
5350.01,0
5351.01,0
5471.01,0
5475.01,1
5477.01,0
5478.01,0
5599.01,0
5601.01,0
5726.01,0
5728.01,0
5729.01,0
5730.01,0
5731.01,0
5353.01,0
5354.01,0
5355.01,0
5356.01,0
5357.01,0
5481.01,0
5483.01,0
5484.01,0
5606.01,0
5607.01,0
5611.01,0
5733.01,0
5734.01,0
5735.01,0
5738.01,0
5739.01,0
5361.01,0
5362.01,0
5363.01,0
5364.01,0
5366.01,0
5488.01,0
5489.01,0
5490.01,0
5491.01,0
5492.01,0
5493.01,0
5494.01,0
5614.01,0
5615.01,0
5617.01,1
5619.01,0
5620.01,0
5621.01,0
5742.01,0
5743.01,0
5744.01,0
5746.01,0
5368.01,0
5370.01,0
5374.01,0
5495.01,0
5496.01,0
5498.01,0
5501.01,0
5622.01,1
5623.01,0
5624.01,0
5627.01,0
5750.01,0
5751.01,0
5752.01,0
5753.01,0
5754.01,0
5756.01,0
5376.01,0
5377.01,0
5378.01,0
5381.01,0
5382.01,0
5383.01,0
5503.01,0
5504.01,0
5505.01,0
5507.01,0
5508.01,0
5510.01,0
5630.01,0
5631.01,0
5634.01,0
5636.01,0
5637.01,0
5757.01,0
5760.01,0
5763.01,0
5386.01,0
5391.01,0
5513.01,0
5516.01,0
5641.01,0
5765.01,0
5766.01,0
5767.01,0
5768.01,1
5770.01,0
5771.01,0
5392.01,0
5394.01,0
5395.01,0
5396.01,0
5397.01,0
5399.01,0
5519.01,0
5520.01,0
5521.01,0
5522.01,0
5523.01,0
5524.01,0
5525.01,0
5526.01,0
5904.01,0
5906.01,0
5908.01,0
5914.01,0
5920.01,0
5927.01,0
5944.01,0
5947.01,0
5957.01,0
5958.01,0
5962.01,0
5963.01,0
5844.01,0
5969.01,0
5970.01,0
5856.01,1
5858.01,0
5975.01,0
5976.01,0
5980.01,0
5981.01,0
5861.01,0
5862.01,0
5865.01,0
5875.01,0
5880.01,0
5884.01,0
5887.01,0
5894.01,0
6181.01,0
1608.03,0
3410.02,1
3479.02,0
3503.02,1
5982.01,0
5983.01,0
5984.01,0
5985.01,0
6094.01,0
6095.01,0
6096.01,0
6183.01,0
6184.01,0
6185.01,0
6186.01,1
6187.01,0
6189.01,0
6190.01,0
3748.02,0
3954.02,1
520.04,1
3956.02,0
4000.02,0
5986.01,0
5988.01,0
5989.01,0
5990.01,0
5991.01,0
5992.01,0
6098.01,0
6099.01,0
6099.02,0
6100.01,0
6101.01,0
6192.01,0
6193.01,0
6194.02,0
4032.03,1
4032.04,1
4046.02,0
4131.02,0
4181.02,0
5993.01,0
5994.01,0
5995.01,0
5996.01,0
5997.01,0
5998.01,0
5999.01,0
6103.01,1
7860.01,0
6104.01,1
6104.02,0
6105.01,0
6106.01,0
6107.01,0
6196.01,0
6197.01,0
6198.01,0
6199.01,0
6200.01,0
6201.01,0
4323.02,0
4385.02,0
6000.01,0
6001.01,0
6002.01,0
7872.01,0
6003.01,0
6004.01,0
6005.01,0
6006.01,0
6007.01,0
6109.01,0
6109.02,0
6110.01,0
6112.01,0
6113.01,0
6203.01,0
6204.01,0
6205.01,0
6206.01,0
6207.01,0
7866.01,0
6208.01,0
651.02,0
6008.01,0
6009.01,0
6010.01,0
6011.01,0
6012.01,0
6013.01,0
6014.01,0
6114.01,0
6116.01,0
6119.01,0
6211.01,0
6212.01,0
6213.01,0
6214.01,0
6215.01,0
3741.03,1
3741.04,1
4260.02,0
4777.02,0
4781.02,0
6015.01,0
6016.01,0
6017.01,0
736.03,0
6018.01,0
6019.01,0
6020.01,0
6021.01,0
6121.01,0
6122.01,0
6123.01,0
6124.01,0
6125.01,0
7874.01,0
6126.01,0
6218.01,0
6219.01,0
6220.01,0
6221.01,0
6022.01,0
6023.01,0
6024.01,0
6025.01,0
6026.01,0
6027.01,0
744.02,0
6028.01,0
6128.01,0
6129.01,0
6131.01,0
6131.02,0
6132.02,1
6222.01,0
6223.01,0
6224.02,0
6225.01,0
6226.01,0
6227.01,0
99.02,0
6029.01,0
6030.01,0
6031.01,0
6032.01,0
6033.01,0
6034.01,0
6035.01,0
6036.01,0
6133.01,0
6134.01,0
6135.01,0
6136.01,0
6137.02,0
6228.01,1
6229.01,0
6230.01,0
7867.01,0
6231.01,0
6232.01,0
6233.01,1
6234.01,0
6235.01,0
750.04,0
983.02,0
989.04,0
2311.03,1
7861.01,0
2768.03,0
6037.01,0
6038.01,0
6039.01,0
6040.01,0
7864.01,0
6041.01,0
6042.01,0
6043.01,0
6138.01,0
6139.01,0
1330.02,0
6143.01,0
2012.02,1
6236.01,0
7876.01,0
6236.02,0
6237.01,0
6044.01,0
6045.01,0
6046.01,0
6047.01,0
6048.01,0
6049.01,0
7868.01,0
6050.01,0
6144.01,0
6145.01,1
6145.02,1
6146.01,0
7877.01,0
6147.01,0
6148.01,0
6149.01,0
6240.01,0
6241.01,0
7862.01,0
2081.02,0
6243.01,0
6051.01,0
6052.01,0
6053.01,0
6054.01,0
6055.01,0
6056.01,0
6057.01,0
1334.02,0
6152.01,0
6153.01,0
6154.01,0
6155.01,0
6156.01,0
6244.01,0
6247.01,0
6248.01,0
6249.01,0
6058.01,0
6059.01,0
6060.01,0
6061.01,0
6062.01,0
6063.01,0
6064.01,0
6065.01,0
6157.01,0
6158.01,1
6158.02,0
6159.01,0
6160.01,0
6161.01,0
6250.01,0
6251.01,0
7869.01,0
2203.02,0
6066.01,0
6067.01,0
6069.01,0
6070.01,0
6071.01,0
6072.01,0
6162.01,0
6163.01,0
6164.02,0
6165.01,0
6166.01,1
6166.02,1
6167.01,0
2210.02,1
2393.02,1
2404.02,0
2432.02,0
6073.01,0
6074.01,0
6075.01,0
6076.01,0
6077.01,0
6078.01,0
6168.03,0
6169.01,0
6170.01,0
6171.01,0
2714.03,1
2926.03,1
6079.01,0
6080.01,0
6081.01,0
6082.01,0
7871.01,0
6083.01,0
6084.01,0
6086.01,0
6174.01,0
6175.01,0
1541.02,0
6177.01,0
2926.04,1
3090.02,0
3371.02,1
6087.01,0
6088.01,0
6089.01,0
6090.01,0
6091.01,0
6092.01,0
3163.01,0
3169.01,0
3172.01,0
3173.01,0
3180.01,0
3181.01,0
3184.02,1
3186.01,0
3187.01,0
3191.01,0
3192.01,0
3195.01,0
3198.01,0
3199.01,0
3201.01,0
3210.01,0
3215.01,0
3222.01,0
3228.01,0
3233.01,0
3235.01,0
3251.01,0
3283.01,0
3378.01,0
3381.01,0
3405.01,0
3406.01,0
3442.01,0
3488.01,1
3507.01,0
351.07,1
3764.01,0
3774.01,0
3829.01,0
3833.01,0
1231.02,0
1992.03,1
3155.01,0
3156.01,0
3156.04,0
6619.01,0
6620.01,0
6621.01,0
6622.01,0
6623.01,0
6624.01,0
6625.01,0
6754.01,0
6755.01,0
6756.01,0
6757.01,0
6758.01,0
6760.01,0
6886.01,0
6887.01,0
6888.01,0
6891.01,0
6893.01,0
7017.01,0
7018.01,0
7019.01,0
7020.01,0
7021.01,0
7022.01,0
7024.01,0
7152.01,0
7153.01,0
7154.01,0
7155.01,0
7155.02,0
7156.01,0
7158.01,0
7159.01,0
7284.01,0
7285.01,0
7286.01,0
7287.01,0
7288.01,0
7289.01,0
7290.01,0
7417.01,0
7418.01,0
7419.01,0
7420.01,0
7421.01,0
7422.01,0
7423.01,0
7424.01,0
4562.02,0
4598.02,0
4766.02,0
4881.02,0
6369.01,1
6370.01,0
6371.01,0
6373.01,0
6374.01,0
6376.01,0
6496.01,0
6497.01,0
6498.01,0
6499.01,0
6500.01,0
6501.01,0
6502.01,0
6503.01,0
6626.01,0
6627.01,0
6628.01,0
6629.01,0
6630.01,0
6632.01,0
6633.01,0
7883.01,0
6761.01,0
6764.01,0
6766.01,0
6767.01,0
6768.01,0
6769.01,0
7886.01,0
6894.01,0
6895.01,0
6896.01,0
6897.01,0
6898.01,0
6899.01,0
6900.01,0
6901.01,0
7025.01,0
7026.01,0
7027.01,0
7028.01,0
7029.01,0
7030.01,0
7031.01,0
7033.01,0
7160.01,0
7161.01,0
7163.01,0
7164.01,0
7165.01,0
7166.01,0
7167.01,0
7168.01,0
7891.01,0
7292.01,1
7293.01,0
7294.01,0
7295.01,0
7296.01,0
7297.01,0
7298.01,0
7299.01,0
7425.01,0
7428.01,0
7429.01,0
7431.01,0
5076.02,0
6064.02,0
6065.02,0
6165.02,0
6252.01,0
6377.01,0
6378.01,0
6379.01,0
6380.01,0
6381.01,0
6382.01,0
6383.01,0
6385.01,0
6503.02,0
6504.01,0
6505.01,0
6506.01,0
6507.01,0
6508.01,0
6509.01,0
6510.01,0
6634.01,0
6636.01,0
6637.01,0
6639.01,0
6640.01,0
6642.01,0
6643.01,0
6770.01,0
6771.01,0
6772.01,0
6773.01,0
6775.01,0
7887.01,0
6902.01,0
6903.01,0
6905.01,0
6906.01,0
6908.01,0
6909.01,0
6910.01,0
7034.01,0
7035.01,0
7036.01,1
7037.01,0
7038.01,0
7039.01,0
7042.01,0
7170.01,0
7171.01,0
7172.01,0
7173.01,0
7175.01,0
7176.01,0
7300.01,0
7302.01,0
7303.01,0
7304.01,0
7306.01,0
7307.01,0
7308.01,0
7433.01,0
7436.01,0
7438.01,0
7439.01,0
7440.01,0
6254.01,0
6255.01,0
6257.01,0
6258.01,0
6260.01,0
6261.01,0
6386.01,0
6387.01,0
6388.01,0
6389.01,0
6390.01,0
6391.01,0
6392.01,0
6393.01,0
6512.01,0
6514.01,0
6515.01,0
6517.01,0
6644.01,0
6645.01,0
6647.01,0
6648.01,0
6649.01,0
6650.01,0
6651.01,0
6652.01,0
6778.01,0
6779.01,0
6780.01,0
6782.01,0
6784.01,0
6785.01,0
6911.01,0
6912.01,0
6913.01,0
6914.01,0
6915.01,0
6916.01,0
6917.01,0
7043.01,0
7044.01,0
7045.01,0
7046.01,0
7047.01,0
7048.01,0
7049.01,0
7050.01,0
7177.01,0
7178.01,0
7181.01,0
7183.01,0
7184.01,0
7309.01,0
7310.01,0
7311.01,0
7312.01,0
7313.01,0
7314.01,0
7315.01,0
7316.01,0
7317.01,0
7441.01,0
7442.01,0
7443.01,0
7444.01,0
7446.01,0
7447.01,0
7448.01,0
6264.01,0
6265.01,0
6266.01,0
6268.01,0
6269.01,0
6270.01,0
6394.01,0
6395.01,0
6396.01,0
6397.01,0
6398.01,0
6400.01,0
6518.01,0
6519.01,0
6520.01,0
6521.01,0
6522.01,0
6523.01,0
6524.01,0
6525.01,0
6654.01,0
6655.01,0
6656.01,0
6658.01,0
6659.01,0
6660.01,0
6787.01,0
6788.01,0
6789.01,0
6790.01,0
6791.01,0
6792.01,0
6794.01,0
6795.01,0
6920.01,0
6922.01,0
6923.01,0
6924.01,0
7051.01,0
7052.01,0
7053.01,0
7054.01,0
7055.01,0
7056.01,0
7057.01,0
7058.01,0
7185.01,0
7186.01,0
7187.01,0
7188.01,0
7189.01,0
7190.01,0
7191.01,0
7192.01,0
7892.01,1
7318.01,0
7321.01,0
7322.01,0
7323.01,0
7324.01,0
7325.01,0
7326.01,0
7450.01,0
7451.01,0
7452.01,0
7453.01,0
7454.01,0
7456.01,0
7457.01,0
6271.01,0
6272.01,0
6273.01,0
6275.01,0
6277.01,0
6278.01,0
6402.01,0
6403.01,0
6404.01,0
6405.01,0
6406.01,0
6407.01,0
6408.01,0
6410.01,0
6527.01,0
6528.01,0
6529.01,0
6530.01,0
6531.01,0
6533.01,0
6534.01,0
6661.01,0
6662.01,0
6663.01,0
6665.01,0
6667.01,0
6668.01,0
6796.01,0
6797.01,0
6799.01,0
6800.01,0
6801.01,0
6802.01,0
6803.01,0
6926.01,0
6927.01,0
6928.01,0
6929.01,0
6930.01,0
6932.01,0
6933.01,0
7059.01,0
7060.01,0
7062.01,0
7063.01,0
7064.01,0
7065.01,0
7066.01,0
7067.01,0
7193.01,0
7194.01,0
7196.01,0
7198.01,0
7200.01,0
7328.01,0
7329.01,0
7331.01,0
7332.01,0
7333.01,0
7334.01,0
7458.01,0
7459.01,0
7461.01,0
7462.01,0
7463.01,0
7464.01,0
7465.01,0
6279.01,0
6280.01,0
6281.01,0
6282.01,0
6283.01,0
6284.01,0
6285.01,0
6286.01,0
6287.01,0
6411.01,0
6412.01,0
6413.01,0
6414.01,0
6415.01,0
6416.01,0
6417.01,0
6418.01,0
6419.01,0
6535.01,0
6536.01,0
6537.01,0
6539.01,0
6540.01,0
6541.01,0
6669.01,0
6670.01,0
6671.01,0
6673.01,0
6674.01,0
6675.01,0
6677.01,0
6804.01,0
6805.01,0
6806.01,0
6807.01,0
6808.01,0
6809.01,0
6810.01,0
6811.01,0
6935.01,0
6936.01,0
6937.01,0
6938.01,0
6939.01,0
6940.01,0
6941.01,0
7068.01,0
7070.01,0
7071.01,0
7075.01,0
7201.01,0
7202.01,0
7203.01,0
7204.01,0
7206.01,0
7207.01,0
7335.01,0
7336.01,0
7337.01,0
7338.01,0
7340.01,0
7341.01,0
7342.01,0
7466.01,0
7468.01,0
7469.01,0
7472.01,0
7473.01,0
6288.01,0
6289.01,0
6290.01,0
6292.01,0
6294.01,0
6295.01,0
6420.01,0
6421.01,0
6422.01,0
6423.01,0
6424.01,0
6426.01,0
6427.01,0
6428.01,0
6543.01,0
6544.01,0
6545.01,0
6547.01,0
6548.01,0
6549.01,0
6550.01,0
6678.01,0
6679.01,0
6681.01,0
6682.01,0
6683.01,0
6684.01,0
6685.01,0
6812.01,0
6813.01,0
6814.01,0
6815.01,0
6816.01,0
6817.01,0
6818.01,0
6942.01,0
6943.01,0
6944.01,0
6945.01,0
6946.01,0
6947.01,0
6948.01,0
7077.01,0
7078.01,0
7079.01,0
7080.01,0
7081.01,0
7082.01,0
7083.01,0
7084.01,0
7085.01,0
7210.01,0
7210.02,0
7211.01,0
7212.01,0
7213.01,0
7214.01,0
7216.01,0
7343.01,0
7344.01,0
7346.01,0
7347.01,0
7348.01,0
7349.01,0
7350.01,0
7895.01,0
7474.01,0
7475.01,0
7476.01,0
7477.01,0
7478.01,0
7480.01,1
7481.01,0
7896.01,0
6296.01,0
6297.01,0
6298.01,0
6300.01,0
6302.01,0
6303.01,0
6429.01,0
6430.01,0
6431.01,0
6432.01,0
6433.01,0
6434.01,0
6435.01,0
6436.01,0
6437.01,0
6551.01,0
6552.01,0
6553.01,0
6554.01,0
6555.01,0
6556.01,0
6558.01,0
6559.01,0
6686.01,0
6688.01,0
6690.01,0
6691.01,0
6692.01,0
6693.01,0
6820.01,0
6821.01,0
6822.01,0
6823.01,0
6824.01,0
6825.01,0
6826.01,0
6827.01,0
6950.01,0
6951.01,0
6952.01,0
6953.01,0
6955.01,0
6956.01,0
6958.01,0
7086.01,0
7087.01,0
7089.01,0
7090.01,0
7091.01,0
7092.01,0
7890.01,0
7217.01,0
7218.01,0
7219.01,0
7221.01,0
7222.01,0
7225.01,0
7351.01,0
7352.01,0
7353.01,0
7355.01,0
7356.01,0
7357.01,0
7897.01,0
7482.01,0
7485.01,0
7486.01,0
7487.01,0
7488.01,0
6304.01,0
6305.01,0
6306.01,0
6307.01,0
6308.01,0
6309.01,0
6310.01,0
6311.01,0
6438.01,0
6439.01,0
6441.01,0
6442.01,0
6443.01,0
6444.01,0
6445.01,0
6446.01,0
6560.01,0
6561.01,0
6562.01,0
6563.01,0
6564.01,0
6565.01,0
6566.01,0
6567.01,0
6694.01,0
6695.01,0
6696.01,0
6699.01,0
6700.01,0
6701.01,0
6702.01,0
6828.01,0
6829.01,0
6830.01,0
6831.01,0
6832.01,0
6833.01,0
6834.01,0
6959.01,0
6961.01,0
6962.01,0
6963.01,0
6964.01,0
6965.01,0
6967.01,0
7095.01,0
7096.01,0
7097.01,0
7098.01,0
7100.01,0
7101.01,0
7102.01,0
7227.01,0
7228.01,0
7229.01,0
7230.01,0
7231.01,0
7233.01,0
7362.01,0
7363.01,0
7364.01,0
7365.01,0
7366.01,0
7490.01,0
7491.01,0
7492.01,0
7493.01,0
7494.01,0
7495.01,0
7496.01,0
7497.01,0
7498.01,0
6312.01,0
6313.01,0
6314.01,0
6316.01,0
6317.01,0
6319.01,0
6447.01,0
6448.01,0
6451.01,0
6452.01,0
6453.01,0
6455.01,0
6569.01,0
6571.01,0
6572.01,0
6573.01,0
6574.01,0
6575.01,0
6703.01,0
6704.01,0
6706.01,0
6708.01,0
6709.01,0
6710.01,0
6836.01,0
6837.01,0
6838.01,0
6839.01,0
6840.01,0
6841.01,0
6842.01,0
6843.01,0
6968.01,0
6969.01,0
6972.01,0
6973.01,0
6974.01,0
6975.01,0
7103.01,0
7104.01,0
7105.01,0
7107.01,0
7108.01,0
7109.01,0
7110.01,0
7234.01,0
7237.01,0
7238.01,0
7239.01,0
7240.01,0
7241.01,0
7367.01,0
7368.01,0
7369.01,0
7371.01,0
7372.01,0
7373.01,0
7374.01,0
7499.01,0
7500.01,0
7501.01,0
7502.01,0
7503.01,0
7504.01,0
7505.01,0
7507.01,0
1126.02,0
1347.02,0
1803.03,0
6321.01,0
6322.01,0
6323.01,0
6324.01,0
6325.01,0
6326.01,0
6327.01,0
6328.01,0
6456.01,0
6457.01,0
6458.01,0
6459.01,0
6460.01,0
6461.01,0
6462.01,0
6463.01,0
6464.01,0
6576.01,0
6577.01,0
6578.01,0
6580.01,0
6581.01,0
6583.01,0
6711.01,0
6712.01,0
6713.01,0
6714.01,0
6715.01,0
6716.01,0
6717.01,0
6718.01,0
7885.01,0
6844.01,0
6845.01,0
6846.01,0
6847.01,0
6848.01,0
6850.01,0
6851.01,0
6852.01,0
6976.01,0
6977.01,0
6979.01,0
6981.01,0
6982.01,0
7112.01,0
7113.01,0
7114.01,0
7115.01,0
7118.01,0
7242.01,0
7243.01,0
7244.01,0
7245.01,0
7246.01,0
7247.01,0
7248.01,0
7249.01,0
7377.01,0
7378.01,1
7379.01,0
7381.01,0
7382.01,0
7508.01,0
7509.01,0
7511.01,0
7512.01,0
7513.01,0
7514.01,0
7515.01,0
7516.01,0
1957.02,0
6330.01,0
6332.01,0
6333.01,0
6334.01,0
6335.01,0
6336.01,0
6464.02,0
6465.01,1
6466.01,0
6467.01,0
6468.01,0
6469.01,0
6470.01,0
6471.01,1
6584.01,0
6585.01,0
6586.01,0
6587.01,0
6588.01,0
6589.01,0
6590.01,0
6591.01,0
6719.01,0
6720.01,0
6721.01,0
6722.01,0
6723.01,0
6724.01,0
6725.01,0
6726.01,0
6727.01,0
6853.01,0
6854.01,0
6855.01,0
6856.01,0
6857.01,0
6858.01,0
6859.01,0
6984.01,0
6986.01,0
6987.01,0
6988.01,0
6989.01,0
6990.01,0
6991.01,0
7119.01,0
7120.01,0
7121.01,0
7122.01,0
7123.01,0
7124.01,0
7126.01,0
7250.01,0
7251.01,0
7253.01,0
7254.01,0
7256.01,0
7257.01,0
7384.01,0
7385.01,0
7386.01,0
7387.01,0
7388.01,0
7390.01,0
7391.01,0
7392.01,0
7517.01,0
7518.01,0
7519.01,0
7521.01,0
7522.01,0
7523.01,0
7524.01,0
7898.01,0
2896.02,0
2918.02,0
6337.01,0
6338.01,0
6339.01,0
6340.01,0
6344.01,0
6472.01,0
6473.01,0
6474.01,0
6476.01,0
6477.01,0
6478.01,0
6479.01,0
6592.01,0
6593.01,0
6594.01,0
6595.01,0
6596.01,0
6597.01,0
6599.01,0
6728.01,0
6729.01,0
6730.01,0
6732.01,0
6735.01,0
6736.01,0
6861.01,0
6863.01,1
6864.01,0
6865.01,0
6866.01,0
6867.01,0
6868.01,0
6992.01,0
6995.01,0
6996.01,0
6997.01,0
6998.01,0
6999.01,0
7127.01,0
7128.01,0
7130.01,0
7131.01,0
7132.01,0
7134.01,0
7260.01,0
7261.01,0
7262.01,0
7263.01,0
7265.01,0
7893.01,0
7393.01,0
7394.01,0
7395.01,0
7396.01,0
7397.01,0
7398.01,0
7399.01,0
7525.01,0
7526.01,0
7527.01,0
7528.01,0
7529.01,0
7530.01,0
7531.01,0
7532.01,0
7533.01,0
3051.02,0
6345.01,0
6346.01,0
6347.01,0
6348.01,0
6349.01,0
6350.01,0
6351.01,0
6480.01,0
6481.01,0
6482.01,0
6483.01,0
6485.01,0
6486.01,0
6487.01,0
7881.01,0
6602.01,0
6603.01,0
6604.01,0
6606.01,0
6607.01,0
6608.01,0
6609.01,0
6737.01,0
6738.01,0
6740.01,0
6741.01,0
6742.01,0
6743.01,0
6744.01,0
6869.01,0
6870.01,0
6871.01,0
6873.01,0
6874.01,0
6875.01,0
6876.01,0
7000.01,0
7001.01,0
7004.01,0
7005.01,0
7006.01,0
7135.01,0
7137.01,0
7138.01,0
7139.01,0
7140.01,0
7141.01,0
7142.01,0
7266.01,0
7267.01,0
7268.01,0
7269.01,0
7271.01,0
7273.01,0
7401.01,0
7402.01,0
7403.01,0
7405.01,0
7406.01,0
7407.01,0
7409.01,0
7536.01,0
7537.01,0
7538.01,0
7541.01,0
2704.03,1
3461.02,0
3716.02,0
4006.02,0
4211.02,0
6354.01,0
6356.01,0
6357.01,0
6359.01,0
6488.01,0
6490.01,0
6491.01,0
6492.01,0
6493.01,0
6494.01,0
6495.01,0
6611.01,0
6612.01,0
6613.01,0
6614.01,0
6615.01,0
6616.01,0
6747.01,0
6748.01,0
6749.01,0
6877.01,0
6879.01,0
6880.01,0
6881.01,0
6883.01,0
6885.01,0
7008.01,0
7009.01,0
7010.01,0
7011.01,0
7012.01,0
7013.01,0
7014.01,0
7015.01,0
7016.01,1
7143.01,0
7145.01,0
7146.01,0
7147.01,0
7149.01,0
7150.01,0
7151.01,0
7274.01,0
7275.01,0
7276.01,0
7277.01,0
7278.01,0
7280.01,0
7410.01,0
7411.01,0
7412.01,0
7413.01,0
7414.01,0
4288.03,0
4298.02,0
4417.02,0
6360.01,0
6361.01,0
6362.01,0
6363.01,0
6364.01,0
6365.01,0
6366.01,0
6367.01,0
7604.01,0
7605.01,0
7606.01,0
7608.01,0
7609.01,0
7610.01,0
7611.01,0
7612.01,0
7613.01,0
7614.01,0
7615.01,0
7616.01,0
7618.01,0
7619.01,0
7620.01,0
3230.02,0
4422.02,0
4676.02,0
5270.02,0
5397.02,0
5447.02,1
5801.02,0
5900.02,0
6117.01,0
6140.01,0
6143.02,0
1636.02,0
6541.02,0
6751.02,0
7542.01,0
7543.01,0
7544.01,0
7545.01,0
7547.01,0
7548.01,0
7549.01,0
1829.02,0
7550.01,0
7551.01,0
7552.01,0
7553.01,0
7555.01,0
7556.01,0
7557.01,0
7560.01,0
7561.01,0
7563.01,0
7564.01,0
7565.01,0
7566.01,0
7568.01,0
7569.01,0
7570.01,0
7571.01,0
7573.01,0
7574.01,0
7575.01,0
7576.01,0
7577.01,0
7578.01,0
7579.01,0
7580.01,0
7581.01,0
7582.01,0
7583.01,0
7584.01,0
7585.01,0
7586.01,0
7588.01,0
7590.01,0
7594.01,0
7595.01,0
7597.01,0
7598.01,0
7599.01,0
2459.01,0
2937.01,0
2938.01,0
2939.01,0
3152.01,0
3153.01,0
371.02,1
7600.01,0
7601.01,0
7602.01,0
7603.01,0
7911.01,0
7914.01,0
7916.01,0
7909.01,0
7917.01,0
7906.01,0
7921.01,0
7907.01,0
7900.01,0
7912.01,0
7904.01,0
7913.01,1
7910.01,0
7902.01,0
7919.01,0
7899.01,0
7908.01,0
7922.01,0
8199.01,0
8200.01,0
8202.01,0
8203.01,0
8204.01,0
7993.01,0
7994.01,0
7995.01,0
7996.01,0
8097.01,0
8098.01,0
8099.01,0
8100.01,0
8101.01,0
8102.01,0
8103.01,0
8206.01,0
8207.01,0
8208.01,0
8208.02,0
8209.01,0
8210.01,0
7997.01,0
7999.01,0
8002.01,0
8003.01,0
8004.01,0
8104.01,0
8105.01,0
8106.01,0
8108.01,0
8110.01,0
8212.01,0
8213.01,0
8214.01,0
8215.01,0
8216.01,0
8218.01,0
8005.01,0
8006.01,0
8008.01,0
8009.01,0
8010.01,0
8112.01,0
8113.01,0
8114.01,0
8115.01,0
8116.01,0
8219.01,0
8220.01,0
8222.01,0
8224.01,0
8225.01,0
8013.01,0
8014.01,0
8015.01,0
8016.01,0
8017.01,0
8018.01,0
8118.01,0
8119.01,0
8120.01,0
8121.01,0
8123.01,0
8124.01,0
8226.01,0
8227.01,0
8228.01,0
8229.01,0
8230.01,0
8231.01,0
8019.01,0
8020.01,0
8021.01,0
8022.01,0
8023.01,0
8024.01,0
8025.01,0
8125.01,0
8126.01,0
8127.01,0
8128.01,0
8129.01,0
8130.01,0
8131.01,0
8233.01,0
8234.01,0
8235.01,0
8236.01,0
8237.01,0
8239.01,0
8027.01,0
8028.01,0
8029.01,0
8030.01,0
8032.01,0
8132.01,0
8133.01,0
8134.01,0
8135.01,0
8136.01,0
8137.01,0
8138.01,0
8240.01,0
8243.01,0
8244.01,0
8245.01,0
8034.01,0
8036.01,0
8038.01,0
8139.01,0
8140.01,0
8141.01,0
8142.01,0
8143.01,0
8144.01,0
8145.01,0
8247.01,0
8248.01,0
8250.01,0
8251.01,0
8252.01,0
7926.01,0
7927.01,0
7929.01,0
8041.01,0
8042.01,0
8044.01,0
8045.01,0
8145.02,0
8146.01,0
8147.01,0
8148.01,0
8149.01,0
8150.01,0
8151.01,0
8254.01,0
8255.01,0
8256.01,0
8258.01,0
8260.01,0
7933.01,0
7935.01,0
7937.01,0
7939.01,0
8049.01,0
8051.01,0
8152.01,0
8153.01,0
8154.01,0
8155.01,0
8158.01,0
8261.01,0
8262.01,0
8264.01,0
8265.01,0
8266.01,0
8267.01,0
7942.01,0
7943.01,0
7944.01,0
7945.01,0
7946.01,0
7947.01,0
7948.01,0
8056.01,0
8057.01,0
8058.01,0
8059.01,0
8060.01,0
8060.02,0
8159.01,0
8160.01,0
8161.01,0
8162.01,0
8164.01,0
8268.01,0
8269.01,0
8271.01,0
8273.01,0
8274.01,0
7950.01,0
7952.01,0
7955.01,0
8061.01,0
8064.01,0
8065.01,0
8066.01,0
8067.01,0
8165.01,0
8166.01,0
8166.02,0
8167.01,0
8168.01,0
8169.01,0
8170.01,0
8278.01,0
8281.01,0
7956.01,0
7957.01,0
7958.01,0
7959.01,0
7960.01,0
7961.01,0
7962.01,0
8069.01,0
8070.01,0
8071.01,0
8072.01,0
8073.01,0
8074.01,0
8075.01,0
8171.01,0
8172.01,0
8173.01,0
8175.01,0
8176.01,0
8177.01,0
8282.01,0
8283.01,0
8284.01,0
8285.01,0
8287.01,0
8288.01,0
7963.01,0
7964.01,0
7965.01,0
7966.01,0
7967.01,0
7968.01,0
7969.01,0
8079.01,0
8080.01,0
8081.01,0
8178.01,0
8179.01,0
8181.01,0
8182.01,0
8184.01,0
8289.01,0
8290.01,0
8291.01,0
8292.01,0
8293.01,0
8294.01,0
8295.01,0
7971.01,0
7972.01,0
7974.01,0
7975.01,0
8083.01,0
8084.01,0
8086.01,0
8087.01,0
8088.01,0
8185.01,0
8186.01,0
8187.01,0
8188.01,0
8189.01,0
8190.01,0
8191.01,0
8296.01,0
7977.01,0
7979.01,0
7980.01,0
7981.01,0
7983.01,0
8090.01,0
8091.01,0
8092.01,0
8093.01,0
8094.01,0
8095.01,0
8096.01,0
8192.01,0
8194.01,0
8195.01,0
8196.01,0
8197.01,0
8198.01,0
7984.01,0
7985.01,0
7987.01,0
7989.01,0
1000.01,0
1002.01,0
1003.01,0
1004.01,0
1005.01,1
1006.01,0
1008.01,0
101.01,1
1010.01,0
1013.01,0
1014.01,0
1015.01,0
1016.01,0
1017.01,1
1018.01,0
102.01,1
1020.01,0
1021.01,0
1022.01,0
1023.01,0
1024.01,0
1026.01,0
1028.01,0
1029.01,1
103.01,1
1030.01,0
1031.01,0
1033.01,1
1034.01,0
1037.01,0
1038.01,0
104.01,1
1040.01,0
1041.01,0
1043.01,0
1045.01,0
1046.01,0
1047.01,0
1048.01,0
1049.01,1
105.01,1
1050.01,1
1051.01,0
1052.01,1
1053.01,0
1054.01,1
1055.01,1
106.01,1
1061.01,0
1062.01,1
1064.01,1
1064.02,1
1065.01,0
1066.01,1
1067.01,1
1068.01,1
1069.01,1
107.01,1
1070.01,0
1071.01,1
1072.01,0
1073.01,1
1075.01,1
1076.01,1
1078.01,1
108.01,1
1084.01,1
1087.01,0
1088.01,0
1089.01,0
109.01,1
1090.01,0
1092.01,0
1093.01,0
1096.01,0
1097.01,1
1097.02,1
1098.01,1
1099.01,1
110.01,1
1100.01,0
1101.01,0
1102.01,0
1104.01,0
1107.01,1
1108.01,0
1109.01,0
111.01,1
1110.01,0
1111.01,0
1112.01,0
1113.01,1
1118.01,0
112.01,1
1120.01,0
1121.01,1
1122.01,1
1126.01,0
1127.01,0
1128.01,0
1129.01,0
113.01,1
1130.01,1
1130.02,1
1132.01,0
1133.01,0
1134.01,0
1135.01,1
1136.01,1
1136.02,1
1136.03,1
1136.04,1
1138.01,0
114.01,1
1140.01,1
1141.01,0
1142.01,0
1143.01,0
1144.01,1
1145.01,0
1146.01,0
1147.01,0
1148.01,1
115.01,1
1150.01,1
1151.01,1
1152.01,0
1155.01,0
1156.01,0
1157.01,0
1158.01,0
1159.01,0
116.01,1
1160.01,0
1161.01,0
1164.01,0
1165.01,1
1166.01,0
1167.01,0
1168.01,0
117.01,1
1170.01,0
1171.01,0
1172.01,0
1173.01,1
1174.01,1
1175.01,0
1177.01,0
1178.01,0
118.01,1
1180.01,1
1181.01,1
1182.01,0
1183.01,1
1184.01,1
1185.01,0
1186.01,0
1188.01,0
1191.01,0
1193.01,0
1194.01,1
1195.01,0
1198.01,1
1199.01,1
120.01,1
1200.01,0
1201.01,1
1202.01,0
1203.01,1
1206.01,0
1210.01,0
1213.01,0
122.01,1
1221.01,1
1223.01,0
1224.01,1
1224.02,1
1227.01,1
1228.01,1
123.01,1
1230.01,1
1231.01,1
1233.01,1
1233.02,1
1233.03,1
1233.04,1
1234.01,0
1235.01,1
1236.01,1
1237.01,1
1237.02,1
1238.01,1
1238.02,1
1239.01,1
1240.01,1
1244.01,1
1246.01,1
1246.02,1
1246.03,1
1246.04,1
1247.01,1
1248.01,1
1249.01,1
125.01,1
125.02,1
125.03,1
1250.01,0
1253.01,0
1255.01,1
1256.01,0
1257.01,1
1259.01,1
126.01,1
1260.01,1
1260.02,1
1260.03,1
1265.01,1
1266.01,1
1266.02,1
1267.01,1
1268.01,1
1269.01,1
127.01,1
1270.01,0
1271.01,1
1272.01,1
1273.01,1
1275.01,0
1276.01,0
1277.01,0
1278.01,1
1279.01,1
128.01,1
1282.01,1
1283.01,1
1284.01,0
1285.01,0
1288.01,1
1289.01,0
129.01,1
1290.01,1
1292.01,0
1294.01,1
1295.01,1
1296.01,1
1297.01,1
1298.01,1
1299.01,1
130.01,1
1300.01,1
1301.01,1
1303.01,0
1304.01,0
1305.01,0
1306.01,0
1308.01,0
1309.01,0
1310.01,1
1312.01,1
1313.01,0
1314.01,0
1315.01,0
1316.01,0
1317.01,0
1319.01,0
132.01,1
1321.01,0
1323.01,0
1324.01,0
1325.01,0
1326.01,0
1328.01,0
1329.01,0
1330.01,0
1331.01,0
1332.01,0
1333.01,1
1334.01,0
1335.01,0
1336.01,0
1337.01,1
1338.01,1
1339.01,1
1339.02,1
1339.03,1
134.01,1
1340.01,1
1341.01,0
1342.01,0
1343.01,0
1344.01,0
1346.01,1
1346.02,1
1347.01,0
1347.02,1
1348.01,0
135.01,1
1353.01,0
1354.01,0
1357.01,0
1358.01,0
1359.01,0
136.01,1
1360.01,0
1363.01,0
1365.01,0
1366.01,0
1367.01,0
1368.01,0
1369.01,0
137.01,0
1370.01,0
1372.01,0
1373.01,1
1374.01,0
1375.01,0
1376.01,0
1377.01,0
1378.01,0
1380.01,0
1382.01,0
1383.01,0
1384.01,0
1385.01,0
1386.01,1
1387.01,0
1388.01,1
139.01,1
1390.01,0
1391.01,0
1392.01,0
1393.01,0
1394.01,0
1395.01,0
1396.01,0
1397.01,0
1399.01,0
1400.01,0
1401.01,0
1402.01,0
1403.01,0
1405.01,0
1406.01,1
1407.01,1
1408.01,1
1408.02,0
141.01,1
1410.01,1
1411.01,1
1416.01,1
1417.01,1
1418.01,0
1419.01,1
1420.01,1
1422.01,1
1423.01,0
1426.01,0
1427.01,1
1428.01,0
1429.01,0
143.01,1
1430.01,1
1431.01,1
1437.01,1
1438.01,1
1438.02,1
1439.01,1
144.01,1
1442.01,1
1443.01,1
1444.01,1
1447.01,0
1448.01,1
1449.01,0
1450.01,1
1451.01,1
1452.01,1
1453.01,1
1453.02,1
1456.01,1
1458.01,1
1459.01,0
146.01,1
1460.01,0
1462.01,1
1463.01,1
1465.01,1
1467.01,1
1468.01,1
1468.02,1
1469.01,1
1469.02,1
147.01,0
1470.01,1
1471.01,1
1471.02,1
1472.01,1
1473.01,1
1474.01,0
1476.01,0
1477.01,1
1478.01,1
1479.01,0
148.01,1
1480.01,0
1481.01,0
1483.01,0
1484.01,0
1485.01,0
1486.01,0
1487.01,0
1488.01,0
1489.01,0
1492.01,0
1493.01,1
1494.01,1
1495.01,0
1496.01,0
1497.01,0
1498.01,0
1499.01,1
150.01,1
1500.01,0
1501.01,0
1502.01,0
1503.01,0
1504.01,0
1505.01,0
1506.01,0
1507.01,0
1508.01,0
1509.01,0
151.01,0
1510.01,0
1511.01,0
1512.01,0
1513.01,0
1514.01,0
1515.01,0
1516.01,1
1517.01,0
1518.01,1
1519.01,0
152.01,1
1520.01,0
1521.01,1
1522.01,0
1523.01,0
1524.01,0
1525.01,0
1526.01,0
1529.01,0
1530.01,0
1534.01,0
1535.01,0
1536.01,0
1539.01,0
154.01,0
1540.01,1
1541.01,0
1542.01,0
1543.01,0
1545.01,0
1547.01,0
1548.01,0
1549.01,0
1550.01,0
1552.01,0
1554.01,1
1555.01,1
1556.01,0
1557.01,0
1558.01,0
156.01,1
1561.01,0
1562.01,0
1566.01,0
1567.01,0
1568.01,0
1569.01,0
157.01,1
1570.01,0
1571.01,0
1572.01,0
1573.01,1
1574.01,0
1575.01,0
1576.01,0
1577.01,0
1578.01,0
1579.01,0
158.01,0
1580.01,1
1581.01,0
1582.01,0
1583.01,0
1584.01,0
1585.01,0
1587.01,0
1589.01,0
1590.01,0
1591.01,0
1592.01,0
1593.01,0
1594.01,0
1595.01,0
1596.01,0
1597.01,0
1599.01,1
160.01,0
1600.01,0
1601.01,1
1602.01,0
1603.01,1
1604.01,0
1605.01,1
1607.01,0
1608.01,0
1609.01,1
1611.01,1
1612.01,1
1613.01,0
1614.01,0
1615.01,0
1617.01,0
1618.01,0
1619.01,0
1622.01,0
1623.01,0
1624.01,0
1625.01,0
1626.01,1
1627.01,1
1628.01,1
1629.01,1
163.01,1
1630.01,1
1632.01,0
1633.01,0
1634.01,1
1635.01,0
1636.01,1
1637.01,1
1639.01,0
164.01,1
1640.01,1
1644.01,1
1645.01,1
1646.01,0
1647.01,0
1649.01,0
165.01,0
1650.01,0
1651.01,0
1652.01,0
1657.01,0
1658.01,0
1659.01,1
1660.01,0
1661.01,0
1662.01,0
1663.01,0
1665.01,0
1666.01,0
1667.01,0
1668.01,0
1669.01,1
1670.01,1
1670.02,1
1671.01,0
1672.01,0
1673.01,0
1674.01,0
1676.01,1
1678.01,0
1679.01,0
1680.01,1
1682.01,1
1683.01,1
1685.01,1
1688.01,0
1689.01,0
169.01,1
1690.01,0
1691.01,1
1693.01,1
1694.01,1
1695.01,1
1696.01,1
1700.01,0
1702.01,0
1704.01,0
1705.01,0
1707.01,0
171.02,0
1710.01,1
1711.01,1
1712.01,0
1714.01,1
1715.01,0
1716.01,1
172.01,1
1720.01,1
1721.01,1
1723.01,1
1724.01,0
1725.01,1
1726.01,1
1726.02,1
1728.01,1
1729.01,0
1731.01,1
1733.01,0
1736.01,1
1739.01,1
174.01,1
174.02,1
174.03,1
174.04,1
174.05,1
1742.01,1
1743.01,1
1744.01,1
1749.01,1
1749.02,1
1749.03,1
175.01,1
175.02,1
175.03,1
1751.01,1
1753.01,1
1758.01,1
1759.01,1
176.01,0
1760.01,0
1766.01,1
1767.01,1
1768.01,1
177.01,1
1770.01,0
1771.01,1
1772.01,1
1773.01,1
1774.01,1
1775.01,1
1776.01,1
1777.01,1
1778.01,1
1779.01,1
178.01,1
178.02,1
178.03,1
178.04,1
178.05,1
1780.01,1
1781.01,1
1782.01,1
1782.02,1
1786.01,0
1788.01,0
1789.01,1
179.01,1
1790.01,0
1791.01,0
1793.01,1
1794.01,1
1795.01,0
1796.01,1
1797.01,1
1797.02,1
1798.01,1
1798.02,1
1799.01,1
1800.01,1
1801.01,1
1806.01,1
1807.01,1
1808.01,0
1809.01,1
181.01,1
1810.01,1
1811.01,1
1813.01,0
1815.01,0
1816.01,1
1819.01,0
1820.01,1
1821.01,1
1823.01,1
1824.01,1
1826.01,1
1827.01,1
1828.01,1
183.01,0
1830.01,0
1833.01,1
1836.01,1
1836.02,0
1838.01,1
184.01,0
1840.01,1
1841.01,1
1842.01,1
1843.01,0
1844.01,1
1846.01,1
1847.01,1
1848.01,0
185.01,1
1853.01,1
1855.01,1
1856.01,1
1859.01,1
186.01,1
186.02,1
1860.01,0
1862.01,1
1863.01,0
1864.01,1
1867.01,0
1871.01,0
1877.01,0
1881.01,0
1883.01,1
1885.01,1
1888.01,0
1897.01,0
1897.02,0
1898.01,1
1899.01,1
190.01,1
1900.01,1
1901.01,1
1902.01,1
1903.01,1
1904.01,1
1905.01,1
1906.01,1
1907.01,0
1908.01,1
1909.01,1
191.01,1
1910.01,1
1911.01,1
1912.01,1
1913.01,1
1914.01,0
1915.01,1
1916.01,0
1917.01,1
1918.01,0
1919.01,1
192.01,1
1920.01,1
1921.01,1
1922.01,1
1923.01,1
1924.01,1
1925.01,1
1926.01,1
1927.01,1
1928.01,1
1929.01,1
193.01,1
1930.01,1
1931.01,1
1932.01,1
1933.01,1
1934.01,1
1935.01,1
1936.01,1
1937.01,1
1939.01,0
194.01,1
1941.01,0
1942.01,0
1944.01,0
1945.01,0
1946.01,0
1947.01,1
1948.01,1
195.01,1
1950.01,0
1952.01,0
1953.01,0
1955.01,0
1956.01,0
1957.01,0
1959.01,1
1962.01,0
1963.01,0
1965.01,0
1969.01,0
197.01,1
1971.01,0
1975.01,0
1977.01,0
1978.01,0
1979.01,0
198.01,1
1980.01,0
1983.01,0
1984.01,0
1988.01,0
1989.01,0
199.01,1
1990.01,0
1991.01,1
1992.01,0
1993.01,0
1994.01,1
1996.01,0
1998.01,0
200.01,1
2000.01,1
2000.02,1
2002.01,0
2004.01,0
2006.01,0
2008.01,0
201.01,1
2010.01,1
2011.01,1
2011.02,1
2011.03,0
2012.01,1
2013.01,1
2014.01,0
2015.01,1
2017.01,0
2018.01,1
2019.01,1
2020.01,1
2021.01,1
2022.01,0
2024.01,0
2025.01,1
2027.01,0
2028.01,0
2029.01,0
203.01,0
2034.01,0
2041.01,0
2042.01,0
2044.01,0
2046.01,1
2047.01,1
2048.01,1
2052.01,0
2053.01,0
2054.01,0
2058.01,0
2059.01,0
206.01,1
2060.01,0
2061.01,1
2062.01,0
2064.01,1
2066.01,0
2068.01,1
207.01,0
2076.01,1
2076.02,1
2076.03,1
2078.01,0
2081.01,1
2084.01,1
2084.02,0
2088.01,1
2095.01,1
2095.02,1
2096.01,1
2096.02,1
2097.01,0
2099.01,0
2106.01,0
2107.01,1
2109.01,1
2110.01,1
2111.01,0
2113.01,1
2115.01,0
2116.01,0
2117.01,0
2118.01,0
2119.01,1
2120.01,1
2122.01,1
2124.01,1
2125.01,1
2126.01,1
2127.01,1
2128.01,1
2129.01,1
2130.01,1
2131.01,1
2132.01,1
2134.01,1
2134.02,1
2135.01,1
2136.01,1
2138.01,0
2139.01,1
2140.01,1
2141.01,1
2145.01,1
2146.01,0
2148.01,0
2150.01,0
2151.01,0
2152.01,1
2153.01,0
2154.01,1
2155.01,1
2156.01,0
2157.01,0
2158.01,1
216.01,1
216.02,1
2161.01,0
2162.01,0
2164.01,0
2167.01,0
2168.01,0
217.01,0
2171.01,1
2172.01,0
2173.01,0
2175.01,1
2176.01,1
2177.01,1
2178.01,1
2179.01,1
2180.01,1
2182.01,1
2184.01,1
219.01,0
2193.01,1
2194.01,1
2196.01,1
2197.01,1
2198.01,1
2199.01,1
220.01,1
2202.01,1
2204.01,1
2205.01,0
2206.01,1
2207.01,1
221.01,0
2211.01,1
2215.01,1
222.01,0
2221.01,1
2228.01,0
223.01,0
2230.01,0
2231.01,0
2236.01,1
2237.01,0
2239.01,0
2240.01,0
2246.01,0
2247.01,1
2249.01,0
2250.01,0
2253.01,0
2257.01,1
2258.01,0
226.01,0
2260.01,1
2266.01,1
2267.01,1
2267.03,1
2269.01,0
227.01,0
2274.01,1
228.01,1
2283.01,0
2284.01,0
2285.01,1
229.01,1
2299.01,0
230.01,0
2303.01,0
231.01,1
2316.01,0
2317.01,0
2319.01,0
2319.02,1
232.01,1
2320.01,0
2322.01,1
2322.02,1
2323.01,0
2328.01,1
2330.01,1
2336.01,1
2337.01,0
2338.01,1
2340.01,0
2341.01,0
2342.01,0
2354.01,0
2358.01,0
236.01,0
2360.01,0
2364.01,1
2365.01,0
2368.01,1
237.01,1
2372.01,0
2373.01,1
2374.01,1
2379.01,1
238.01,1
2380.01,1
2384.01,1
2386.01,1
239.01,1
2400.01,0
2403.01,1
2404.02,0
2404.03,0
2406.01,1
2407.01,1
2409.01,0
241.01,1
2411.01,1
2412.01,1
2413.01,0
2414.01,1
2416.01,1
2417.01,0
2418.01,0
242.01,0
2420.01,1
2421.01,1
2424.01,0
2427.01,1
2431.01,0
2438.01,0
244.01,1
2442.01,0
2443.01,1
2445.01,1
2447.01,1
2448.01,0
2449.01,1
2451.01,0
2452.01,0
2458.01,1
2459.01,1
246.01,1
2461.01,1
2464.01,1
2466.01,1
2468.01,0
2469.01,0
247.01,1
2475.01,1
2480.01,0
2483.01,0
2485.01,1
2492.01,0
2497.01,1
2498.01,1
250.01,1
2502.01,1
2503.01,1
251.01,1
2510.01,0
2511.01,0
2517.01,0
2524.01,1
2525.01,1
2525.02,1
2529.01,0
2537.01,1
254.01,0
2543.01,1
2544.01,0
2545.01,1
2547.01,1
2548.01,1
2548.02,1
255.01,1
2550.01,0
2554.01,0
2555.01,0
256.01,1
256.02,1
2567.01,1
257.01,1
2570.01,1
2571.01,1
2579.01,1
258.01,0
2580.01,1
2583.01,1
2585.01,1
2587.01,1
2589.01,1
259.01,1
2591.01,0
2598.01,0
260.01,1
2604.01,1
2607.01,0
261.01,1
261.02,1
2610.01,0
2611.01,0
262.01,1
2623.01,0
263.01,0
2632.01,0
264.01,1
2641.01,1
2642.01,1
2643.01,1
265.01,1
2651.01,0
266.01,1
266.02,1
2664.01,0
2667.01,0
2669.01,0
267.01,1
2671.01,0
2675.01,0
2680.01,0
269.01,1
270.01,1
270.02,1
270.03,1
2707.01,1
2708.01,0
2713.01,0
2714.01,1
2717.01,0
2719.01,1
272.01,1
273.01,0
2732.01,0
2736.01,0
274.01,0
2743.01,0
2744.01,0
2754.01,0
2759.01,0
276.01,0
2760.01,0
2768.01,1
277.01,1
2771.01,0
2775.01,0
2779.01,0
2784.01,0
2789.01,0
2796.01,1
2803.01,1
2805.01,0
2811.01,0
2812.01,0
2816.01,0
2818.01,1
282.01,1
282.02,0
282.03,1
282.04,1
2828.01,0
2829.01,0
2835.01,0
2838.01,0
2839.01,0
284.01,0
2842.01,0
2844.01,0
2845.01,0
2848.01,0
2855.01,0
2856.01,0
286.01,1
286.02,1
2863.01,0
2871.01,0
2872.01,0
2874.01,0
2878.01,0
2879.01,1
290.01,0
2902.01,0
291.01,0
2933.01,0
2936.01,0
294.01,1
2947.01,0
295.01,1
2958.01,0
2959.01,0
2963.01,0
2967.01,0
2977.01,1
2981.01,1
2987.01,0
2999.01,0
300.01,0
3001.01,0
3004.01,0
3005.01,0
3008.01,0
3018.01,1
3023.01,1
303.01,1
3036.01,0
304.01,0
3044.01,0
3049.01,0
3059.01,0
306.01,1
3060.01,0
3071.01,1
3082.01,1
3085.01,0
3109.01,0
3110.01,0
3122.01,0
313.01,0
3146.01,0
315.01,0
3153.01,0
3164.01,0
3174.01,0
3181.01,0
3189.01,0
320.01,0
3205.01,0
321.01,0
3216.01,0
3217.01,0
3218.01,1
3220.01,1
3221.01,0
3235.01,1
3236.01,0
3253.01,0
3257.01,0
3261.01,1
329.01,1
3290.01,1
3306.01,0
331.01,0
3311.01,0
3313.01,0
3319.01,0
332.01,0
3321.01,1
3323.01,0
3331.01,1
3332.01,0
3343.01,0
3347.01,0
335.01,0
3353.01,1
3357.01,0
3358.01,0
336.01,0
3362.01,1
3364.01,1
3369.01,0
337.01,0
3372.01,0
3375.01,0
3377.01,0
3379.01,0
338.01,1
3381.01,0
3385.01,0
3388.01,0
3389.01,0
339.01,0
3392.01,0
3399.01,0
3402.01,0
3408.01,0
342.01,1
3420.01,0
3422.01,1
3423.01,0
3424.01,0
3435.01,0
3436.01,0
3440.01,0
3466.01,0
3467.01,0
3468.01,1
3472.01,0
3482.01,0
349.01,0
3497.01,1
3504.01,0
3507.01,0
3508.01,0
351.01,1
3512.01,0
3524.01,1
3525.01,0
3526.01,0
3528.01,0
3534.01,1
3536.01,0
3537.01,0
3540.01,0
3541.01,0
3542.01,0
3548.01,0
3549.01,0
3557.01,0
3561.01,0
3562.01,0
3563.01,1
3565.01,1
3566.01,0
3568.01,1
357.01,0
3572.01,0
3577.01,1
3578.01,0
3579.01,0
3580.01,0
3581.01,0
3595.01,1
3597.01,1
360.01,0
3608.01,0
3610.01,0
3612.01,1
3614.01,0
3621.01,1
3626.01,0
3627.01,0
3629.01,1
3630.01,1
3631.01,0
3634.01,1
3636.01,1
3643.01,0
3658.01,0
3659.01,0
3663.01,0
3666.01,1
367.01,0
3672.01,0
3677.01,0
3678.01,0
368.01,0
3681.01,1
3684.01,0
3688.01,1
3693.01,1
3705.01,1
3714.01,1
3725.01,0
3728.01,0
373.01,0
3733.01,0
3740.01,0
3742.01,0
3746.01,0
3753.01,0
3755.01,1
3757.01,1
3759.01,0
377.01,1
378.01,0
3781.01,1
3785.01,1
379.01,0
3790.01,0
3794.01,0
3795.01,0
3796.01,0
3799.01,0
3807.01,1
3808.01,0
381.01,1
3810.01,0
3819.01,1
382.01,0
3824.01,0
3825.01,0
3827.01,1
383.01,0
3837.01,1
384.01,0
3843.01,1
3845.01,0
3846.01,1
385.01,0
3864.01,0
387.01,0
388.01,0
3883.01,1
3884.01,1
3885.01,1
389.01,0
3890.01,0
3894.01,1
390.01,0
391.01,1
3912.01,1
3914.01,1
3917.01,1
3919.01,1
3920.01,1
3921.01,0
3924.01,0
3925.01,0
393.01,0
3938.01,0
3948.01,0
3957.01,0
396.01,1
396.02,1
396.03,1
3964.01,0
397.01,0
3975.01,0
3976.01,1
3979.01,0
398.01,1
3981.01,0
3983.01,1
3984.01,1
3985.01,0
3986.01,0
3987.01,0
3989.01,0
399.01,0
3990.01,0
3994.01,0
3996.01,0
3999.01,0
400.01,1
4002.01,0
4005.01,0
4006.01,0
4008.01,0
401.01,0
4010.01,1
4010.02,1
4010.03,1
4019.01,0
402.01,1
402.02,1
4020.01,1
403.01,1
4032.01,0
4036.01,0
4037.01,0
404.01,1
4044.01,1
4048.01,0
405.01,0
4052.01,0
4053.01,1
406.01,1
406.02,1
4061.01,1
4067.01,0
4068.01,0
408.01,0
4083.01,0
4087.01,1
409.01,0
4091.01,0
410.01,0
4102.01,0
411.01,1
411.02,1
4110.01,0
4112.01,1
4116.01,0
412.01,0
4126.01,1
4127.01,1
413.01,1
4130.01,0
4134.01,0
4135.01,0
4137.01,1
4138.01,1
4139.01,0
414.01,0
4143.01,0
4145.01,1
4148.01,0
415.01,1
4153.01,1
4155.01,1
4157.01,0
416.01,0
4167.01,0
417.01,1
4178.01,0
418.01,1
4181.01,0
4184.01,1
4188.01,0
419.01,0
420.01,0
4201.01,1
4207.01,0
421.01,1
421.02,1
4213.01,0
4216.01,0
4217.01,0
4219.01,1
4222.01,0
4225.01,0
4229.01,0
423.01,1
4232.01,0
4233.01,0
4235.01,0
424.01,0
425.01,0
4251.01,0
4255.01,0
4256.01,0
4257.01,0
4258.01,0
4261.01,0
4263.01,0
4265.01,0
4268.01,0
4270.01,1
4275.01,0
4279.01,0
4281.01,1
4292.01,0
430.01,0
4300.01,0
4304.01,1
4304.03,1
4306.01,1
4308.01,1
431.01,1
431.02,0
4312.01,0
4314.01,0
4316.01,1
432.01,0
4320.01,1
4320.02,0
4323.01,1
4323.02,1
4329.01,0
433.01,0
4330.01,0
4332.01,0
4335.01,0
4336.01,1
4337.01,0
4339.01,0
434.01,1
4341.01,0
4342.01,1
4342.02,1
4346.01,0
4357.01,0
4359.01,0
436.01,1
4368.01,0
437.01,1
4375.01,0
4377.01,0
4379.01,1
4383.01,0
439.01,1
4394.01,0
4396.01,0
4397.01,0
4399.01,1
440.01,0
4406.01,1
441.01,0
4411.01,1
4414.01,0
442.01,1
4421.01,0
4423.01,0
4426.01,1
4428.01,1
443.01,1
4431.01,1
4433.01,0
4434.01,1
4435.01,1
4438.01,1
444.01,1
4440.01,0
4443.01,1
4445.01,1
4446.01,1
4448.01,0
4453.01,0
4454.01,1
4455.01,1
4456.01,1
4457.01,1
4461.01,0
4462.01,1
4463.01,1
4465.01,1
4466.01,1
4467.01,1
4469.01,1
4470.01,1
4471.01,1
4472.01,1
4473.01,1
4474.01,1
4475.01,1
4476.01,1
4477.01,0
4479.01,1
448.01,1
4480.01,1
4481.01,1
4482.01,1
4483.01,1
4485.01,0
4486.01,1
4488.01,1
4489.01,1
449.01,1
4490.01,1
4491.01,1
4495.01,1
4498.01,0
4500.01,0
4502.01,0
4504.01,1
4504.02,1
451.01,1
451.02,1
451.03,1
4512.01,1
4514.01,1
4515.01,1
4516.01,1
4517.01,1
4518.01,1
452.01,1
4520.01,0
4521.01,1
4522.01,0
4523.01,1
4524.01,1
4525.01,1
4526.01,1
4527.01,0
4528.01,1
453.01,1
4530.01,1
4531.01,1
4532.01,1
4533.01,1
4534.01,1
4535.01,1
4536.01,1
4538.01,1
4538.02,1
4539.01,1
4544.01,1
4545.01,1
4547.01,1
455.01,1
4551.01,1
4559.01,1
456.01,0
4562.01,1
4564.01,1
4569.01,0
4570.01,1
4571.01,1
4577.01,1
4579.01,1
4581.01,1
4581.02,0
4582.01,1
4583.01,1
4584.01,1
4587.01,1
4589.01,1
4591.01,0
4592.01,1
4593.01,1
4593.02,1
4594.01,0
4595.01,1
4599.01,1
4599.02,1
460.01,0
4600.01,1
4600.02,1
4602.01,1
4603.01,1
4604.01,1
4605.01,0
4606.01,1
461.01,1
4610.01,0
4612.01,1
4618.01,1
4621.01,1
4623.01,1
4624.01,1
4627.01,0
4628.01,1
463.01,0
4633.01,0
4634.01,0
4635.01,0
4636.01,0
4638.01,1
464.01,0
4641.01,1
4648.01,1
465.01,1
466.01,1
4666.01,1
4669.01,0
467.01,0
468.01,1
4682.01,0
4683.01,0
469.01,1
470.01,1
471.01,1
4715.01,0
473.01,1
4737.01,1
4738.01,0
474.01,1
4759.01,1
477.01,1
478.01,0
479.01,1
4791.01,1
480.01,1
4808.01,0
481.01,1
4817.01,0
482.01,1
4827.01,0
4829.01,0
483.01,1
4838.01,0
484.01,1
4840.01,0
4846.01,0
4849.01,1
485.01,0
4856.01,0
4858.01,0
486.01,1
4860.01,1
4862.01,0
488.01,1
4886.01,0
489.01,1
490.01,1
4902.01,0
491.01,1
4914.01,1
4916.01,1
492.01,1
4934.01,0
4946.01,0
495.01,1
4964.01,0
497.01,0
4985.01,0
4987.01,0
4994.01,1
500.01,1
5005.01,1
5007.01,1
501.01,1
5016.01,0
5027.01,1
503.01,0
504.01,0
505.01,1
5055.01,0
506.01,0
5065.01,1
5067.01,1
5068.01,1
5070.01,0
5071.01,1
5072.01,1
5074.01,1
5075.01,0
5076.01,1
5079.01,0
508.01,1
5080.01,1
5081.01,1
5082.01,1
5083.01,1
5086.01,1
5087.01,1
5089.01,1
509.01,1
509.02,1
5090.01,1
5093.01,1
5094.01,1
5095.01,1
5096.01,1
5097.01,1
5098.01,1
5101.01,1
5107.01,0
5108.01,1
511.01,1
5110.01,1
5111.01,1
5119.01,0
512.01,1
5121.01,1
5123.01,1
5123.02,1
5124.01,0
5126.01,1
5126.02,1
513.01,0
5133.01,0
5134.01,0
5135.01,0
5136.01,1
5138.01,1
514.01,1
5141.01,1
5142.01,1
5144.01,0
5145.01,1
5146.01,1
515.01,1
5150.01,0
5152.01,1
5153.01,1
5155.01,1
5162.01,1
5163.01,1
5164.01,1
5168.01,1
517.01,1
5170.01,1
5173.01,1
5174.01,1
5178.01,1
5184.01,0
5189.01,0
519.01,1
5198.01,0
5199.01,0
5205.01,1
521.01,1
5212.01,0
5218.01,1
5226.01,0
523.01,1
5231.01,0
5232.01,1
5238.01,1
524.01,0
5240.01,1
5246.01,0
5257.01,0
5258.01,0
526.01,0
5260.01,0
5262.01,0
5266.01,0
5268.01,1
5273.01,0
5275.01,0
528.01,0
5283.01,0
529.01,0
5293.01,1
5296.01,0
530.01,1
5301.01,0
5308.01,0
531.01,0
5319.01,1
532.01,1
5321.01,0
534.01,1
5344.01,1
535.01,1
5353.01,0
536.01,1
5361.01,0
537.01,1
5373.01,1
5374.01,1
538.01,0
5381.01,0
5384.01,1
5388.01,1
5396.01,0
5398.01,1
5398.02,1
540.01,1
5418.01,0
5424.01,0
5429.01,0
543.01,0
5434.01,0
544.01,1
5440.01,1
5447.01,0
545.01,1
5450.01,0
5456.01,0
546.01,1
5467.01,1
547.01,0
5478.02,0
548.01,1
549.01,1
5496.01,0
550.01,0
550.02,0
5503.01,0
551.01,1
5513.01,0
552.01,1
5520.01,1
5520.02,1
5523.02,1
5524.01,1
5528.01,1
5529.01,1
553.01,1
5534.01,1
5535.01,0
554.01,1
554.02,1
5540.01,0
5542.01,1
555.01,1
5555.01,1
5556.01,1
5557.01,1
5558.01,1
5559.01,1
556.01,0
5562.01,1
5573.01,1
5574.01,0
5576.01,0
558.01,1
559.01,1
560.01,1
560.02,1
561.01,1
561.02,0
561.03,1
561.04,0
5616.01,1
562.01,1
5621.01,0
5631.01,1
5632.01,1
5634.01,1
564.01,1
5640.01,0
5648.01,0
566.01,0
567.01,1
5672.01,1
5673.01,1
5674.01,1
5675.01,1
5676.01,1
5678.01,1
5680.01,1
5685.01,1
5688.01,1
569.01,1
5695.01,1
5702.01,0
5704.01,1
571.01,1
5713.01,1
5720.01,1
5726.01,1
574.01,1
5742.01,0
5746.01,0
5747.01,1
575.01,0
576.01,1
5769.01,0
578.01,1
5784.01,0
5786.01,1
5787.01,0
5791.01,0
5793.01,1
5794.01,1
5795.01,1
5796.01,1
5797.01,1
5798.01,1
5799.01,1
5800.01,1
5801.01,1
5802.01,1
5803.01,1
5804.01,0
5812.01,1
5812.02,0
5815.01,1
5817.01,1
5818.01,1
582.01,0
5820.01,1
5821.01,1
5822.01,1
5823.01,1
5824.01,1
5830.01,0
5839.01,0
584.01,0
5850.01,0
5855.01,0
586.01,0
5862.01,0
5866.01,0
5867.01,0
587.01,1
5876.01,0
5882.01,0
5886.01,0
5887.01,1
589.01,0
5892.01,0
5899.01,0
590.01,0
5901.01,0
5908.01,0
591.01,0
5910.01,0
5915.01,0
592.01,0
5920.01,0
5924.01,1
593.01,0
5940.01,0
5942.01,0
595.01,0
5954.01,0
5959.01,1
596.01,0
5960.01,1
5962.01,0
5963.01,1
5966.01,1
5969.01,1
597.01,0
5970.01,1
5972.01,1
5976.01,0
5979.01,1
598.01,0
5980.01,1
5982.01,1
5984.01,1
5986.01,1
5988.01,1
599.01,0
5992.01,1
5993.01,1
5994.01,1
5995.01,1
5999.01,1
600.01,0
6000.01,1
6001.01,1
6002.01,1
6003.01,1
6004.01,1
6005.01,1
6006.01,1
6008.01,1
6013.01,1
6014.01,1
6015.01,1
6016.01,1
6017.01,1
6020.01,0
6021.01,1
6023.01,0
6024.01,0
6028.01,1
6029.01,1
603.01,1
6030.01,1
6031.01,1
6034.01,1
6037.01,0
6038.01,1
6039.01,0
604.01,0
6043.01,1
6049.01,1
6052.01,1
6054.01,1
6054.02,1
606.01,0
6069.01,0
607.01,0
6072.01,1
6073.01,1
6081.01,1
6083.01,0
6084.01,0
6086.01,1
6087.01,0
6088.01,1
6089.01,1
6090.01,1
6092.01,0
6094.01,0
6096.01,0
610.01,0
6101.01,1
6116.01,0
6130.01,1
6133.01,0
614.01,0
6143.01,0
6147.01,0
615.01,1
6152.01,0
6157.01,0
617.01,0
6170.01,1
6172.01,0
6181.01,0
6186.01,0
619.01,0
620.01,1
6207.01,0
622.01,1
6223.01,1
623.01,1
624.01,1
6242.01,0
625.01,1
6251.01,1
6255.01,1
626.01,0
6269.01,1
627.01,0
6273.01,1
6275.01,1
6276.01,1
6276.02,1
6278.01,1
6279.01,0
628.01,1
6280.01,0
6286.01,0
629.01,1
6293.02,0
6298.01,0
631.01,0
632.01,0
6324.01,1
633.01,0
634.01,0
6343.01,0
635.01,0
6355.01,0
636.01,0
6368.01,0
6377.01,0
638.01,0
6383.01,1
639.01,0
6396.01,0
6398.01,0
640.01,1
643.01,0
644.01,0
6442.01,1
6447.01,0
645.01,0
646.01,0
648.01,0
6486.01,0
650.01,0
6508.01,0
652.01,1
653.01,0
654.01,1
6542.01,0
6546.01,1
6547.01,1
655.01,1
6551.01,1
656.01,1
657.01,1
658.01,0
6585.01,0
660.01,1
661.01,1
662.01,0
6628.01,1
663.01,1
663.02,1
663.03,1
664.01,1
6645.01,0
665.01,0
6651.01,1
6656.01,0
667.01,1
6681.01,1
6686.01,1
669.01,1
6693.01,0
6696.01,0
6697.01,0
670.01,0
6711.01,0
6719.01,1
672.01,1
6720.01,1
6726.01,1
673.01,0
674.01,1
6741.01,0
675.01,1
6750.01,1
6764.01,0
6768.01,0
677.01,1
679.01,0
682.01,1
6821.01,1
683.01,1
6833.01,1
6834.01,1
6835.01,1
6836.01,1
6838.01,1
6849.01,0
685.01,1
6866.01,0
6872.01,1
6874.01,0
6876.01,1
6877.01,1
6878.01,0
688.01,0
6882.01,0
6883.01,0
689.01,0
6894.01,1
6895.01,1
690.01,0
691.01,1
692.01,0
6920.01,0
6921.01,0
693.01,0
694.01,0
6952.01,0
696.01,1
696.02,1
696.03,1
6962.01,1
6963.01,1
6967.01,1
6969.01,0
6970.01,1
6977.01,1
6979.01,1
6982.01,1
6984.01,0
6989.01,0
6994.01,0
6996.01,0
700.01,1
700.02,1
700.03,1
700.04,1
7007.01,0
701.01,0
7019.01,1
704.01,1
7041.01,1
7042.01,0
7051.01,0
7055.01,1
7056.01,1
7057.01,1
7058.01,1
7059.01,1
7061.01,1
7065.01,0
7066.01,1
7067.01,1
7068.01,0
708.01,0
710.01,0
7104.01,0
7114.01,0
712.01,1
712.02,1
712.03,0
712.04,1
7121.01,0
7137.01,0
7149.01,1
715.01,1
716.01,0
7164.01,0
7165.01,1
7168.01,1
717.01,0
7173.01,0
718.01,1
719.01,1
7193.01,0
720.01,0
7220.01,0
7244.01,0
7247.01,1
725.01,0
726.01,0
7275.01,0
728.01,0
730.01,1
7302.01,0
731.01,1
732.01,1
732.02,1
733.01,1
7332.01,1
7335.01,0
734.01,0
7345.01,0
735.01,0
7350.01,0
7352.01,0
736.01,1
736.02,1
737.01,1
7373.01,0
7383.01,1
7395.01,1
7396.01,1
741.01,1
7415.01,0
7417.01,0
742.01,0
744.01,1
7456.01,0
7457.01,1
7458.01,1
7461.01,1
7463.01,1
7468.01,0
7469.01,1
747.01,1
7470.01,1
7471.01,1
7472.01,1
7473.01,0
7474.01,1
7476.01,1
7477.01,1
7478.01,0
7479.01,1
748.01,1
7480.01,1
7484.01,1
7486.01,1
7487.01,1
7490.01,1
7491.01,1
7492.01,1
7493.01,1
7496.01,1
7497.01,1
7499.01,1
750.01,1
7501.01,0
7502.01,1
7503.01,1
751.01,1
752.01,1
755.01,1
755.02,1
757.01,1
762.01,1
763.01,1
763.02,1
765.01,0
766.01,1
767.01,1
769.01,1
770.01,1
771.01,1
773.01,1
774.01,1
775.01,0
776.01,1
776.02,1
778.01,1
780.01,1
781.01,1
782.01,1
784.01,1
792.01,0
793.01,0
796.01,0
803.01,0
813.01,1
814.01,0
815.01,1
815.02,1
816.01,0
817.01,0
818.01,1
819.01,1
820.01,1
821.01,0
822.01,1
822.02,1
824.01,1
825.01,1
826.01,1
828.01,1
832.01,0
833.01,1
834.01,1
836.01,1
836.02,1
837.01,0
838.01,0
839.01,0
840.01,1
843.01,1
844.01,0
845.01,0
846.01,1
848.01,0
849.01,1
857.01,1
858.01,1
861.01,0
866.01,0
868.01,0
869.01,0
871.01,1
878.01,0
879.01,0
880.02,1
881.01,0
882.01,0
884.01,0
886.01,0
888.01,0
889.01,0
891.01,1
892.01,1
894.01,0
895.01,0
896.01,0
897.01,0
898.01,0
904.01,1
904.02,1
905.01,1
907.01,1
908.01,1
909.01,1
910.01,1
912.01,1
913.01,1
914.01,0
915.01,0
916.01,1
918.01,0
920.01,1
922.01,1
923.01,0
925.01,0
927.01,0
928.01,0
935.01,1
937.01,0
942.01,1
944.01,0
946.01,0
949.01,0
950.01,0
951.01,0
953.01,0
954.01,1
955.01,0
956.01,0
957.01,0
959.01,0
960.01,0
961.01,0
962.01,0
964.01,0
965.01,0
966.01,1
967.01,0
968.01,0
969.01,1
971.01,0
972.01,0
973.01,0
974.01,0
975.01,0
976.01,0
977.01,1
979.01,0
980.01,0
981.01,0
982.01,0
983.01,0
984.01,0
985.01,0
987.01,0
988.01,0
992.01,0
994.01,0
995.01,0
996.01,0
997.01,0
998.01,0
999.01,0
